-78.9792309204483,-2.134310522098169,0.3337027717371737,0.7829392246755292
-117.57568569043997,0.391523457962878,-3.5237329299671782,0.7472852459408321
-68.71103896741022,-0.30157815731313586,2.458595546848786,1.081296612433332
-93.31672916582617,-1.2650525608756453,1.0456257771939952,1.4798805604783292
-113.63990534268785,-0.09151181786889434,-3.2587436137798775,0.737222703973438
-97.10433433977961,0.617029737319237,-0.20521640816764686,0.3861630782915118
-71.86079457674178,-4.2138663662107785,1.0627664521168099,1.2963022099589894
-78.40943477431975,-0.16378223508275525,2.673525499801971,0.6617146368598256
-41.28092157609351,1.1919755333786644,0.5717148154849042,1.0683634782864417
-76.48836552537902,-1.6007390464270366,0.10754310408360762,0.7602806510277984
-106.31926484464577,1.7624800525634257,0.14832442097883608,0.16060712269949584
-53.69975040601422,0.9391460082212896,1.0876279808795566,0.8134748929617351
-62.33112634762083,-0.651483329706406,-0.2995691886603864,0.866982399930392
-122.96450315915799,-3.944593665972381,0.620326855842588,0.3524469705526341
-61.52035242094736,0.7526759863247171,2.4546331004605206,1.1230435646382149
-76.86026628676736,0.8126369811095221,2.7903644517485557,1.074458658337797
-68.4878587562223,-2.9421294150937114,0.7619016118371408,0.8998371988851974
-69.21575923918383,-2.080152941170645,-0.4319121781578432,0.8295227360492848
-118.90939821309175,-0.0852765046404377,0.08393889971655455,0.08054180840502634
-99.61142152242142,-2.170884034760394,0.37163115231882793,0.5977377261183923
-96.16542339307831,-2.200329328821224,-1.7387242260002287,1.230639924569092
-103.50491084293756,-2.460952958831581,-1.8885515503210013,1.0498844750875223
-109.13340167214453,2.791157654700856,-0.16246373917862067,0.00402110790035648
-122.35999149546332,-5.185873322433327,-1.005380241700902,0.33863418483692487
-91.24296256955182,3.559544317631157,-1.0485129951667176,0.39546444437212847
-118.64487545859889,1.7074160010102066,1.2669137891625315,-0.055361165633384335
-94.84879337204362,-7.140297394491729,-0.2044610572197768,0.8424268291716317
-94.80473462831944,-4.791426553538027,0.2883371282039795,1.5299397600692375
-72.94838052613886,1.6784846661028656,-0.7964785773621441,0.8144210424587652
-88.56283600976575,2.074536205339054,3.8161360910988065,0.6950732908293126
-94.44123066672091,0.754003604116354,3.162805405408586,0.4265963949417291
-38.621559236153246,0.5677649402344956,1.3132877893321688,0.9034591743918949
-93.36342901083194,-0.03771368573338927,-0.8615774636559055,0.45931710107560847
-144.68643575756533,-3.889586074170784,1.1767232228381852,-0.29130773246384467
-88.50045734795512,-6.73091931634647,2.249564764022864,1.5045751911971303
-79.23067613014166,-2.6557883098747954,-0.3352615834052679,0.7603251928273668
-92.72193105310494,-0.3625808053326889,1.9623948140312248,0.5424673737844379
-90.25107527688368,0.05425054417755554,3.682309801835715,1.2107678862129183
-74.23933583548555,-0.3074019188985299,-0.7921875619372205,0.8344683809199419
-68.73767740640496,-3.6593984648162703,-0.516233277870127,0.8681576670007535
-98.93727273465268,-2.8171399725091586,-0.2807863762377617,0.5928707256748684
-62.81296327219006,0.6070068250584657,1.645083513817784,0.7685427371803459
-101.12042270391056,-0.6261057233523267,1.6046957764576328,0.4725279647437063
-87.78238805573137,-5.542694689568128,3.0176000878294094,1.0079352311814374
-86.56864441706804,-1.3934619391457124,3.202755799341719,1.127870174065094
-85.92810531718378,2.224942790134565,-1.1965547224903454,0.561477904773112
-74.83435824616973,5.3263223185400275,1.8912475506386723,0.5809253834821467
-51.79831629781896,-0.20922521587251577,0.8828082144870877,0.8709265183167514
-72.77751573968243,-1.0666305461310117,1.5889492218096668,0.7799592919227648
-112.99653544831938,-5.643597984455269,-1.9498368184483938,0.3977190122665438
-49.091165622762375,0.327719316306388,0.9979781693038949,0.8614629610699456
-98.207906374673,-3.4960263581881255,-1.388964217428145,1.0453081169102805
-91.40952869864023,3.1186578539923495,0.022732663790508534,0.36848219490824563
-109.46929569509425,-0.07982587948023988,2.2594349617595793,0.2626959526522257
-70.48271301499642,-0.37765991263651916,-0.5631113067892207,0.8616435354412112
-105.05117685849933,0.8258576187138846,1.7038790348848576,0.2998980245175128
-36.16006331118279,-0.1675442060674841,1.1286560779448018,0.9323392543304637
-60.47574802515376,0.5388623769903033,-0.08746710580799666,0.822429933818051
-86.15257481694246,-0.19041030161952735,0.8680439463269733,0.6307370709523267
-80.57492927473955,-1.7317161298233414,0.5002101990177352,0.7600231000599635
-62.84118105118939,-0.13267085708518914,2.182563514931071,1.0077469593816115
-67.05727094836793,0.6708934169580909,2.1772231981659695,1.225745683162758
-73.03000738546567,0.12815028062528658,-0.5255229144215564,0.9034096076106936
-84.12051315614295,-0.441752886008531,1.1119981710098878,0.6677278980802318
-68.22691881717887,1.733080177226218,2.6358650495724176,1.1000135507415414
-72.55608925289673,-2.863809641240276,1.424621003196662,1.3035737282617723
-111.68437786639237,-5.405705846643403,-2.909099168308028,0.7723083911914728
-80.17672775430825,-3.0961392915964394,1.0075108250880578,0.8439988133814373
-68.92198880059755,2.2102382865987527,0.2176936933458431,0.6728181089247942
-79.9165280078136,-0.5884571071172935,2.8000217619563754,0.976984440314634
-117.24445814841097,-3.4319930315927616,1.6571653633185859,0.4167848896152849
-92.54744792716068,-8.953315762396906E-4,1.2809687661499392,0.5476495665897414
-106.86091344227849,-0.14257083012869554,-2.8109318364582525,0.7216050231358417
-76.22738288391491,0.8390021709849227,-0.8553615427934016,1.115753879221778
-98.40143659729115,0.3587199753686621,0.9181735997460404,1.5236981263531002
-100.8133640895133,3.518848826760878,-3.072938274976102,0.35341738204541867
-108.93089729199956,-4.217874089169922,-0.4593649802785654,1.775261226044172
-83.96086493864067,5.2325429739666305,3.1123936285999916,0.814253529220085
-67.66358656523477,-0.7111140015757982,-0.15403786961029353,1.0204386427983663
-54.528449324889316,0.2725408896874397,0.14964280578627254,0.8640386716823689
-84.4582597509675,-0.10056144568907874,2.287726167344757,1.3882386671807705
-86.7787648889495,-0.4427281770980932,0.5119990389393148,0.6312594255896046
-67.29296894284508,0.7657280763763268,-0.18484321579711516,0.7655214877675449
-87.73980831471454,-0.21622536327128464,0.8833423890245526,1.3939525782172868
-94.37080510182949,-3.243479337469382,-1.4866776848610683,0.5658333798476964
-78.52687972971259,0.20645069066473193,0.9492940377785849,0.6771617288849937
-71.90900847572782,-1.4985061376469875,-0.08854740335015804,0.7900005615505359
-69.15277434505668,1.0550351347248539,0.5338127015693659,0.7061047119792889
-122.24559810886373,-2.635756234758325,-0.9825765679306004,0.15242568177276672
-89.07495944236206,11.216673145009462,-0.8160288322391609,0.7011966518723168
-100.0704543822531,-2.146377635760807,0.3262384908669727,0.5875711580635145
-58.41357287975099,2.507016447256336,0.6269474835791211,0.751677829440781
-95.10583611476476,-1.3148162227704152,-2.3309677598281464,0.5150889373880683
-80.05735338631025,-1.5961939467188284,-0.7561153857982534,1.1481486386170405
-57.029934355718815,0.3363341937255771,0.4043707067133985,0.8391166323227511
-118.46558168803841,2.18832306781121,-2.3887909964252168,-0.16343486117664585
-70.84833793487479,-4.075099625241208,1.2214364995356002,1.2905661187484412
-97.50037467392094,-1.3887054964685028,-1.7758064316746758,0.8482161352727815
-36.41052477606242,0.1487043378864898,0.5679059579380731,0.9536626389507968
-94.02475015163486,0.46947036283185517,3.1411703310149366,0.43752610314384444
-107.8117848423203,2.3233935302418165,-3.2155601856820257,0.26754366696025034
-66.49909971954092,-4.412692391003744,0.01367036814130046,1.133586282418796
-38.718772487638205,-1.2579601270513752,0.6013385622183216,0.9886270549634313
-53.650526067784554,2.5089405559214026,-0.05300072191665206,0.8521036931042463
-87.56400733738289,3.59149336937145,-1.7438902652987078,0.6815394391971512
-91.01644972553703,-0.556115312538367,-1.2906263815784034,0.9243543987484915
-60.34847866158191,-1.651902448556712,0.17073188309748633,0.8808155108478397
-55.986693673020696,1.0527806895229774,-0.12980935366540025,0.8486096671636785
-71.58675735580933,1.77693076592798,-0.9631270132211507,0.7528532512606106
-112.17199458374368,-2.77702403565531,-2.624182459577192,1.0239504414859029
-81.39876019019515,0.7050395947353442,-0.864240655169368,1.0053338125115232
-96.85209791329254,-5.4841653882626336,-1.9593723731794284,0.5926064129193991
-124.28516041444593,-0.2555393675613059,-4.000599987240877,0.9251088925844829
-63.07629309089098,-0.06000538701398503,0.9039975660915942,1.1817944669163543
-79.28999423844023,-0.4500310294017026,2.783990966137701,0.9620151963702954
-60.988209361813695,-0.25963391860259016,-0.10370177901778632,1.2070022893042012
-79.6047491010939,-0.10649157298259097,-0.026298864817095258,0.6547668075632858
-59.39940709493639,4.725745942225124,0.4238024318646601,0.7791636810364827
-90.0340245482188,0.6943032552002846,-1.945707763979061,0.5399646457416294
-54.1901417799895,-2.840248771570376,0.7773879028675492,0.9572080231042643
-110.70346329611749,-0.6908706541735716,-0.8287198257115171,0.22190180286709382
-103.98403788043909,-2.008633425060358,1.611981201483313,0.5315655135428508
-40.61455190458264,-0.03562988998664973,0.7166126852931767,0.9248007142084299
-87.75420333147986,-3.2265351172035883,3.8225275952813074,1.4957635185133862
-126.86329488053357,-2.4492966590006233,1.3777251456687605,0.1370871931005453
-67.31092178330577,-2.38703422609402,2.2175677885513423,1.0456639575787054
-118.98987484913658,0.2724822161646019,-3.447284054494515,0.9166586481641005
-69.73995668883033,-0.2946591678163953,2.4859181166797475,1.0779564467324878
-133.1218242992057,3.462979699000142,7.026900030616845,1.1362399117732322
-102.43966907007568,-3.513848494971711,0.25344038686121195,0.6378746874154059
-81.16133594665598,1.0924116941858892,0.88464326600185,0.5976818251099042
-112.49316507717757,-0.08665237838533513,0.5245282548806209,1.8119491814480384
-78.85108520262145,-1.6315390989638177,-0.7939383996412195,0.8743211787375698
-117.33953236237052,-1.3876738610046466,-4.50370171822424,-2.7151102372480196E-4
-63.84391739036176,-0.16994632558708067,0.7668887647706559,0.8033753213410179
-119.90284840081772,-0.1931058031740743,0.8654160343117898,0.10019682656690931
-93.19435336276015,0.5295725474125371,1.0768193668424793,0.503309305241664
-75.66166307017062,0.34502050645419174,0.12268623271281376,0.6751269538927279
-57.11551922163177,0.12516648195857127,-0.2629851420448628,1.1428444674171814
-95.379852635871,-1.1989816062503944,3.305445324138966,0.4568077346667462
-42.0772170687666,1.2895308681832585,1.334124954164981,0.8716126174485321
-66.68837997897108,-0.44420583520098095,1.2975027852949619,0.7980964548021611
-85.76912511502596,3.2117462977592375,2.1438180615081457,0.4811282786724464
-115.30151990221745,7.090012700688361,1.3790258202758199,1.3808078029422517
-104.67938360588437,2.014014569732058,4.341447364645093,1.1231604396736272
-75.68240084466726,0.1241480503563383,-0.9097954276716713,0.817875984211077
-127.59691945114548,0.3263068412016344,0.33362704540486104,-0.1709945724628139
-100.90317748746719,1.0380361539721596,-1.9988206829653725,1.0101039017193036
-122.27839020510756,-6.012316409755494,-0.37813732621855367,0.4478309543378106
-143.9349135227284,-2.1838901607792196,1.3616526272391982,-0.44493376462421863
-85.57772257001625,5.082316510728519,2.754672925692091,0.5199948760442208
-98.46666185174175,-0.6836282075399652,0.9235666176218322,0.524850031956941
-66.38792051453578,-2.6034007974382023,-0.05510405815724789,1.1052503684156985
-55.612686786370084,1.9751647689812954,2.135401709468003,0.8778137430513394
-105.50188344909822,0.9518475646569823,-2.844646199043938,0.6654269715341234
-50.311268815355355,-1.2594790375928424,0.27073620918315594,0.9491921090191487
-86.85330323179542,0.784253224909886,2.058218993310306,0.5413911751755975
-93.32807142893125,1.561150236841291,3.836211078431725,0.7400607086827642
-109.6688812640327,-0.9627628814942926,-2.6128513675955,1.010677761665483
-114.54264973744745,-1.4076219919559825,-3.0504953709958706,1.0196368723519893
-99.97503905833692,1.5431046606644099,-3.1207948857121766,0.4099903232981965
-29.113530425259512,0.3845171799364967,1.3683730066231865,1.0061461959587907
-84.01376734119434,-0.5777696976948142,-0.4668342949466502,1.4056458363175135
-51.706114231855814,2.7279817102243578,0.7895016244976245,0.7975669200505154
-105.79427441150295,2.52578930375251,-3.5711233733556567,0.48910723435800785
-113.16295714900372,3.094573549024967,-0.008769914359858966,1.6699414257164997
-70.68412461628677,3.362244789645774,2.123342584270377,0.670359556936143
-75.44568633401424,-2.6886407734552087,0.806090228126317,0.8530114028576892
-47.209312409881676,0.6671103503104976,1.0571065995745852,0.8575528283177827
-102.02764178387349,-1.0783597779921303,-1.6000209622745631,0.346315531796692
-94.69440164725285,-5.269848391041774,1.2129992248905976,0.8283404181368673
-86.19933962604343,2.3128096248513965,2.090748571691193,0.49659532740821594
-57.767403698583365,-0.16266418406412955,1.534398426565068,0.8317687382537214
-56.65727904017491,1.7725357231227652,0.6467677049437617,0.7786480492449224
-34.24549599123459,-0.05230165657681182,0.6410017519252388,1.0346819905956939
-91.92857116447055,-2.4891974370439565,-1.1420309438874816,1.111922785545085
-63.59016273779346,-2.869994361946214,1.8798665853881926,1.2458095314816522
-53.81096145705027,4.842922773982012,1.3961418910434142,0.9958502200554048
-75.17823131239484,-0.38590266999980477,0.9773263305891812,1.2741158063348696
-87.86322894958296,-1.4407673141410413,-1.2389456335835083,1.4850021040416503
-66.03782621391429,-0.4049160151736886,0.43046336474787333,0.7964804419720637
-63.34922585346004,-1.3851127654676447,0.3218433387296724,0.8544266547563449
-65.37050992442165,-3.5497734111306767,2.2863049281578385,1.1641388654165068
-85.72211373737441,-0.7853819828799715,0.8826052988061737,0.673284163172946
-66.84828611858626,0.2994054357548311,2.640100411014218,0.8288463712265023
-84.57302553338687,2.2102949055050614,-1.6772883639371345,0.5914260109750573
-69.85684325227862,-2.4618748096261798,-0.42478096718051106,0.8335541102202433
-73.8176709922772,-0.3102563216274681,-0.23584223120809544,1.2996529737113816
-61.65842031786846,2.977127746834309,0.6835276825393422,0.7143033768062892
-56.67949954458523,-0.9643758109518965,0.2008507310098365,1.007036743064475
-70.35887118892467,0.39080248562510816,2.347822389518724,0.7349170223890417
-91.3604225799934,-2.0422520001447597,-1.4727805087572947,0.8310374916423868
-54.743602484341196,0.1750298243633012,-0.03082921604417055,0.8795736109507963
-111.22434414292502,2.912807961931537,-4.13078998820782,0.42957015801795106
-38.96684299575901,-1.2773371506718993,0.5670388947594434,1.0772150170290844
-71.18652499360874,-0.2984537367748482,1.2398425971779559,0.7622459726604506
-60.230543406100175,3.0604624272822916,2.272930996261965,0.8175705815793678
-60.29420683006229,2.119130109191491,1.1884358209147368,1.1043570820281938
-102.95381442018817,-0.9081887868821049,2.0468553732625665,1.6433994358640434
-86.38609219843362,-5.953326314872578,-1.135924849975618,0.8987517610713217
-65.20508270932041,0.10088481051750439,-0.5137411566546244,0.815432611428626
-81.18817930963962,-0.39335351859359513,0.391607217903583,0.6759109973770111
-55.13386983771221,2.260029755358959,1.7610189074344407,1.0986801326355022
-68.16188051594659,1.5270111658317005,-0.5333824092001285,1.2582024156072464
-61.61094925945264,0.6051705158524946,-0.2019473833560098,0.8930277290077802
-102.35017535005647,0.24896804458616983,4.164085799294256,0.8100355884979505
-81.6388442152091,7.533765483887403,1.5203851997808926,0.5324882233134776
-33.08619747728114,1.0905705339411453,1.4920856251760388,0.9437955502538707
-86.61488614997104,3.6156850164286425,-0.6003990981391969,0.45421737674164064
-37.927808800314054,-1.7828845355137122,1.4812844851340883,1.0208867789065237
-73.87612498614031,-0.8794071111458706,-0.49064482611467897,0.9153532443886174
-70.56474409675748,8.005337833238455,1.3187825456520708,0.7281306879725953
-95.76170399342979,1.3549801482841075,3.6568831129201103,0.43611827889658356
-113.62548950759445,-0.8961798361147598,1.2710639692452612,0.29729774186533764
-95.16792894381013,0.15434707917348517,0.8556271560645052,0.5039614013534648
-51.44365070393543,4.364915531758933,0.6044948500858209,1.001204867754834
-66.61488661458675,-0.1701935748835038,0.12068771871781947,1.2295108131712968
-93.26882863365665,-3.5433491883597785,0.5804784423657715,0.7520238995102457
-107.38706116806179,-0.7614348230996744,-0.1014016465571343,1.7518742017065525
-91.03873521638332,-6.945243741511579,0.22465750959907027,0.8945872311930774
-107.46662288263727,-0.591665612271608,1.3935908052950103,0.37956448497857376
-89.70356710385279,1.7981240213105931,-0.5520218360307001,0.43294104768070046
-103.95218940855506,-0.8317419536574441,4.535369830641295,1.2645519181986549
-87.67498848414695,0.2549547438010306,3.75957543677377,0.7335986350452656
-55.16532514036162,4.100342863807051,0.7228445319264566,0.7926715499582879
-48.35288469168853,-0.21374545834252856,0.35618949484575374,0.9065322265928545
-84.51528840348287,-5.916204124906275,-0.5234017633925168,0.8313180584255513
-92.22456553555907,13.447688693916753,1.029063352407078,0.5639006132672177
-66.76060013967242,-0.05112403362334584,0.09533484772593837,1.23101521654426
-147.89359924245107,0.20632835658829762,-7.470491887721147,0.632776174200389
-82.93909322862868,-2.050195359213638,-0.7990994596173928,0.9225872799340951
-73.43700931715428,-0.7109735870614218,2.5513961505330247,0.961696439884149
-111.005035665404,0.2077101601885304,2.1121665444509103,0.22099362535501843
-66.7738881215597,0.07370725723082854,0.8916355162546734,0.7733775705241368
-73.24214177075146,-0.6394458472170658,-0.539864229052565,0.8925590506103372
-42.09963404362762,4.399045770021995,0.9264675892073344,0.894249188181378
-50.43945074325989,2.4159728105398517,1.8936784293165994,0.9289791781954724
-67.57615042088887,-0.2147879653518464,0.7842531497497153,1.2154955653765631
-73.92882384445159,7.302244252975801,1.1930497328729497,0.6199865736278756
-109.3275095661432,-2.6696104066401793,-0.2371117862533848,0.45429852971623436
-99.83024844281285,-0.5884497243471566,2.543895481248792,0.42562968277002233
-105.10220317583995,-0.3952313790599229,3.14353972243914,0.2880274592471582
-86.45439257900985,-1.0894375573509427,0.07552394957530101,0.647457091043896
-53.95880366947954,-0.04291535757560892,0.15848169868810502,0.9479178364655716
-45.933721802593276,-1.9039938397914502,1.757415420949011,1.109556567674269
-99.35144572634242,-0.034223806878291796,-0.4994956816743552,1.6327095514400356
-57.66114113047196,0.39874518508075024,0.6079546261743696,0.819499838202649
-100.43266852730596,-0.8914251416103164,1.612573227671542,0.5010670042253531
-44.223553743154,-1.1465989719573593,0.6751990242795769,1.110007767512993
-79.73851004261726,-1.3845236921468407,1.2056785613149064,0.7595195539327209
-101.04243669511531,1.317100408351688,-2.2670931718297576,0.35056007658963995
-110.4738489402686,0.4985127649924026,-3.3815144631093728,0.19915426914207146
-28.750306686460842,-0.44628662232422067,0.7787810350648274,1.0364648606680866
-77.49634257099129,-1.8607434944224774,-0.4540982906255807,1.0705368572681597
-96.89512349216947,3.39459806250172,-1.9414385869531565,0.7512108974929944
-81.16934381637861,-3.7568274221363724,2.786239989834437,0.7542224060140552
-51.27268967807716,0.4095109935449085,0.2247784483660619,1.0240899045425806
-98.1122812262648,-0.5651657492922988,-1.174499902610778,0.4037877131599766
-115.64970103977393,-1.2231964327984153,0.3667486054727368,0.2790896890812591
-97.81073974646559,-0.7634418735159266,-2.5509813844117275,0.6668105468129502
-88.70309992177849,-0.0313075611919376,1.6178041352510557,1.4044858262557822
-109.22063350060907,-4.754580359456015,-3.4450065956322105,1.5174981581924358
-68.90390355048329,0.8057101386389801,-1.039188218138192,1.2895588575171868
-122.72942013782553,-0.07507224866469232,-0.7559579421767231,-0.07913002868701158
-66.16140141497263,-0.5771722420451062,-0.14014262971050007,0.8147757570893109
-75.23980027658354,0.22470810215583675,0.9337275420560194,0.703400873490779
-150.35497004546926,-3.196105069581837,1.5464695156534218,-0.6195598926918073
-65.54777407511882,-0.9410908388929277,2.4323097263695224,0.8091456131633659
-106.71450944116764,-1.0974598021541946,-2.4299195309067247,1.113751602589441
-71.85978463881459,0.5821201565469916,0.06004239879485318,0.7015359774517141
-67.88048979709058,0.8508693714314478,2.668442987555688,0.8146415407119642
-49.7224176827583,-1.0488513013947576,1.4573147720588988,0.9063214379070873
-61.84511770021104,0.5277390136958283,0.4453032637806678,0.7893863892667445
-87.18247143109426,0.5710100587463075,3.439210671714336,1.1681480790424028
-54.72981008698879,-0.7817714234349197,0.38180197533912846,0.8880859652334043
-35.75575875179725,3.775554473329281,0.8185453514363699,0.9303386114137506
-104.93904156753212,-1.1704220275248047,1.759332716549846,0.45044830050558526
-56.897488685291115,2.445231754107751,1.1956544577009185,0.7505653978322788
-97.32608451507981,-2.769110196480522,-1.167043473429993,1.5902858007036387
-70.72391656944637,-2.4876081091075775,0.07792314120749805,0.8381938504051673
-134.3013859058576,-0.008922932940813096,-5.162027817295645,0.8710560951689951
-45.58428606731769,0.45172959579377986,0.6407678968512172,1.0944337954025172
-77.77360412622278,-5.614362112105402,-0.05589801122672916,0.8980477584800773
-84.52151264699702,-1.7370599943048182,1.474946567673191,0.7327715129200363
-72.95134290160892,0.8915679921269365,1.1356244324866862,0.685092896085965
-60.776931652507436,-0.5273619524794304,-0.06962320296737201,0.9244423784658153
-93.4909850993163,3.9384570765079605,3.599718526191716,0.47655577322430387
-51.220342899864576,-0.6050153729333729,0.07281085519662217,1.1258278550062304
-128.40730397207804,-6.016804697645344,6.652901440225454,1.2415604806886207
-51.305091102263596,0.40273429340482014,1.243587175687514,1.1121483402359682
-77.61224176753194,1.3145371449980194,-0.39337158009770334,0.6232956385171523
-86.51492810306922,-1.1384262575202582,4.005624337555437,0.6811642886657044
-103.76491383010884,-9.709177985046837,-0.04043767023398731,0.8805845511853247
-90.21477713407484,-0.74044958662589,-1.7029222893668092,0.7675285060456618
-83.63674018584963,0.5811932671547011,3.780723624570731,1.4242523861168237
-110.94485723854447,-6.892755296187031,-0.9958624395982161,0.6067120340340775
-78.61427169650464,0.6439977077414054,-0.717165456764107,0.9793840815298834
-91.23450248574042,-1.8377804809617255,1.1604883430165462,0.6844635079396718
-99.80798044971422,0.008495724507472012,1.8284990456329544,0.43453294058460157
-45.12089840518097,1.4060159988502579,0.25902916784565755,0.9086762921249303
-100.48563119085486,0.3234488273751768,-2.0630534218801646,1.1117097214423861
-124.81975849363653,1.706779220377572,-0.951261006062698,2.135750448499735
-77.81568356332178,-0.5397066365084598,0.21976267047968123,0.7041586109826374
-53.11489867290078,-1.1901416396794364,0.14498096498479507,0.9275075909520039
-66.37261729742252,-3.202051146677302,1.913268032457619,0.8883585005275673
-61.013853087153784,-0.24549431848843647,1.1346606959873076,0.8241480705650177
-43.54320548474454,-1.1762092490763056,0.4423444292272599,1.0817390150258446
-93.35892139929169,13.959360436489778,1.6463894001967867,0.4986380417261702
-110.6750504457492,5.709950483103926,1.0524265859786537,1.3885782386302912
-53.865937607203094,-0.5315219347858726,2.1443672062667423,1.1580211810660717
-104.60676116638406,-0.7811408966714103,-2.53640349647953,1.2308124866480084
-70.75841728882794,-3.914653888489893,-0.08583987419920897,1.0556900727265854
-120.75464344705435,5.546640305194983,-4.026193470056077,0.6120511247442041
-65.91601680866557,0.6777522592025248,0.1314782800487882,0.7625193619667863
-83.05070828222588,0.5503841885047178,3.8546722312462776,1.3470909262990793
-89.27798219303432,1.0129041920368536,0.14178900529895005,0.48570403750125335
-110.4688247965386,-5.521795124622382,-1.1653529831396552,1.7867370939329192
-100.4506996597476,0.1040557474367394,0.9434594897210433,0.4369860159278194
-66.54444231542976,-0.3383954808126791,0.7926999767146251,0.7948760806522096
-87.38158412060865,-0.9134898495795962,0.6619389289293,1.407321942193522
-75.31013824166715,-1.277574532937798,-0.5551072530589403,0.760486552855115
-116.29505503694821,4.7157630805405235,4.3056455930853055,-0.055013292868699604
-58.554511257078445,0.627310100324982,0.5877523330041479,0.8049068374573847
-75.26353311046043,-0.012001880768669175,-0.5115420575368602,1.0081602665144245
-62.917938177599325,-2.5816462463100476,1.2053563625216186,1.2255781375210488
-52.476587097460666,2.148734755731122,1.3060989151155251,0.7887176070471054
-54.242972896932386,0.20635807933642744,0.6624675342890896,0.8474232391365019
-77.13491742391949,0.06252811411617586,2.1620001145366827,0.6655271399320316
-115.07596920197322,-11.650008880493376,-0.8273875805389981,0.7832454699511209
-101.5193234824269,-0.38216699482781374,0.2169603955002768,1.6168297902065674
-65.50773367442629,-0.8228085215304316,-0.44305885239472553,0.8543564052240243
-53.06798602463654,3.2719800839802815,1.951348300259354,0.9107991719048545
-79.9061953307618,-0.6182300698422292,-0.4262730434746488,0.6715750683142948
-94.65249292834055,-4.705886343646869,0.3723090505477311,0.7873548086424604
-66.61073265305966,0.43329008331818936,-0.2260351764705676,0.9576850669238425
-58.402875210365664,-0.4343426335488353,-0.1128545794936302,1.1168655897860378
-92.31962974856125,-0.0382252798709124,-1.5212679289021827,0.5026474818518493
-55.86877546834738,-1.1539912409836113,1.2706551045564358,0.8873056866295526
-68.50090497106217,-0.6053521719731482,0.47269755044446676,0.7886322264113842
-144.64169682828378,8.7822168512895,0.6192792452929544,1.9913060322121594
-83.55665511015064,-1.8490909138068032,-1.2284457495201928,0.8135806215700656
-70.63100426562305,3.04108240056295,-0.36826552615545716,0.7039896876041495
-76.36489029001838,-0.26126885809813244,0.40982516760511256,1.2938311806171705
-72.76366015993771,-2.527924795938738,-0.7289938376102176,0.8509722653960995
-66.29131994493834,-0.1954129994312026,-0.4833884428362457,0.8500474114754997
-105.64032618925177,0.9153295227884265,-0.010187650599694564,0.23650906337744304
-73.79072688556367,0.06423551617274183,2.9272742215769503,0.8202346739761935
-95.75591572323792,0.05981032662576223,2.5360018596502614,0.44426721763426413
-96.28087636690802,3.394942420355992,1.3651347044449378,0.2996788274020268
-71.35249132169912,-0.9706692225834873,-0.5064551024866201,1.142557810441459
-100.24251987067484,0.5126862739575024,0.9472090495256759,0.4072986385107322
-50.55628885290597,-0.08550411749143771,1.7281159713820236,0.8743106582118877
-69.75855291894636,0.9892862951361536,0.19575440006117867,1.2337515052421435
-119.17029096182358,-4.292649166593352,-3.3277909037898157,0.8603915242488859
-80.9525894986659,3.6908954208632756,-0.8460420302635376,0.6097180395902586
-104.92692683537364,-1.8550459355571431,1.4121571064247567,1.6679343279457846
-84.22460188053326,-0.9621719733253908,0.7546633440581086,0.6954636897092643
-62.05482167002202,1.3462267686000942,1.0799982528146197,0.7452928225067672
-82.70266451786696,2.2437098741718757,-1.4316780177293178,0.6021002136100417
-61.594846677338936,2.935810179964411,1.0361042074311402,0.7078725841724529
-117.17599769824318,0.18056167300355475,-3.8888550735585516,0.6182438440730866
-103.07301673646612,-2.2406337320950893,-1.3313660229794224,0.40859186881205334
-80.24116512825611,0.2749507445060129,3.2813315258366487,0.6733110630954282
-89.04742520663353,-2.0445603400153143,0.8507480793286306,0.7171362709544857
-66.6837911629893,0.8381902385831355,0.8036090618429069,0.7353996952679487
-97.4718968520477,-3.5488501313912773,-0.2920873705510437,0.6486017546691678
-64.77445877587789,-0.13457728419294596,-0.2027198171178567,0.9193981503700267
-82.81172282730296,-0.21170641329303794,2.8091984096510676,0.6042157608622915
-79.14793540445822,-0.9259606244840347,-0.643312313046281,0.7097649126105432
-65.22264657164583,-0.22827652959303327,-0.04579175580148992,0.810125822230254
-84.84431680379474,1.02310152367512,1.6312604804801756,1.3273078590989718
-136.46397209273474,-0.3026148933606686,-0.7166885383391421,-0.4536542301067812
-55.37788364477049,1.265469959055633,1.0422319896989674,0.7921401839777064
-109.20180509355288,-0.5172219552954691,1.3148501793399736,0.34557223670610926
-72.1628795342594,1.4589206343190928,-0.37701817024334416,0.7052764175053098
-118.57651812351116,-4.524213383402256,-0.022675211138369178,0.44472614362955076
-59.648355006916034,0.5396639521321271,0.13869226022744285,0.8246596276434837
-50.53862364791304,-5.627649119307858,0.6021507351937738,1.1168383302794278
-107.7505823281701,-4.360714307328028,-0.11489722285766812,1.7639908062822733
-50.36539572798819,0.9363978029515706,1.512175964755561,0.8393769832094498
-104.88780460033199,-3.0918226730856824,0.6423606334126227,0.5991433792435565
-101.13033200415273,1.333849804572007,0.051273053119418266,0.2805085103754714
-100.62750263324105,7.411389451504015,0.18153050466981424,1.1972232593329157
-121.87492275490753,-5.1537505125702205,0.26400963709382996,0.44533993138488087
-40.28706850090306,1.2573297943181665,0.46458214344039606,0.9677539093920478
-90.5564519523794,1.9974165727906557,3.528355857475192,0.7843385018720306
-86.87399073456558,-0.27821933669017385,-0.059766289434195485,1.4280209030594104
-67.71273600706297,0.8498668522293534,1.2607392536777906,0.7268865111584734
-67.00331011818383,1.901940488805475,-0.42703359913385686,1.0448666074166721
-66.92948722856218,-1.024961236322572,0.6503949280940622,0.8228133945496582
-74.3897184369066,0.9671143455050503,2.168792049241672,0.6642799116107891
-53.43729787354881,-1.3835239516926807,1.1206287492178535,0.9091343909471624
-80.11834675967877,6.741283907386905,3.784488737887366,1.1926189322754759
-91.90336623843636,3.0507729372238908,-1.850838884267147,1.1573007864880949
-57.76171675538117,-0.512490550352986,0.08082878728077636,1.061587015111658
-42.61155008072457,-0.5951069187112835,0.5166496576257399,1.0989408644242626
-103.17460198206643,2.740576928710294,-1.838028649786387,0.18158846776506776
-101.77608814144236,-2.1537503600060757,1.8914292684115706,0.5561772521329202
-98.71099801026061,-3.1822685480566726,-2.246314886020412,0.5182476958873743
-25.826147683953184,-0.5655670430921732,0.8300289505522558,1.0049055016406063
-80.47486711730481,0.7835453195968588,-0.04482644445878026,0.6003011202313545
-72.85908266230713,-1.4600854195192536,0.8030423275107632,1.2761434171770236
-103.77401639372776,3.905449246045884,-0.7830343133768534,0.14433595902340823
-104.64733609781626,2.325721473357039,-1.9030989580509812,0.16449783586233613
-73.61946464218651,1.6147851228501702,0.18703011031826833,0.6396852002813863
-55.19907249735829,4.676624159055412,1.1153320593712794,0.78987532627339
-85.94550291206714,0.8809875432902969,1.0741750577994948,0.5637356045957294
-59.745050414053644,-0.360143957528591,0.25306050705080607,0.8480335241828342
-62.24876091491263,-1.3867250048391582,1.920560818940998,0.8447662865815073
-82.7764754107096,-4.9927475410144675,0.9688663625467695,0.9043604315403196
-120.45006495033581,1.8440699755967171,-3.5547033267070045,0.9179125480949395
-52.544664266744775,0.5479906525424861,0.464600818480635,0.859454145503853
-66.06487678676172,-0.9441336061940817,0.18287066393232115,0.8190149405085113
-99.2597888914886,-0.3810679598184176,0.28178009692514167,1.575237565597643
-98.6663507921955,0.04119004527060717,-1.9040253128580367,1.0989942520581892
-56.5066821902194,3.0682640403210772,0.6058166200108276,1.0681883809298398
-91.69975640613897,1.441116445117147,2.4877423100980534,0.4528959351598991
-57.9538649438217,1.3412219328203245,-0.007380791755237037,0.9506025039101429
-118.91331835174289,-3.333593314966107,0.293934458941579,0.37912146814081055
-94.66574462768278,-0.40878010227876077,0.5397617705592974,0.543875813963503
-104.49167617956275,-0.8093522000323993,0.2924539158320969,0.43009110251753657
-63.96276719149695,0.8234054040818214,0.10253030213901682,0.7806454168669337
-82.76549887128287,2.6617235535918207,0.5553101225103366,0.5033627737732527
-36.493944321402786,3.094089473969951,1.1022486632959576,0.9092748587028067
-59.85748979673359,-0.37251303551376186,1.0424261158297188,0.8370625496523341
-106.57644727658155,3.845170601781627,4.331571107118615,0.8407795507267988
-45.902756318291786,-3.66837678081449,0.5866815736410547,1.0821176108801376
-54.96738329384399,1.7159149018969064,0.4029900104773926,0.8161994390243765
-81.97629311346294,1.3774840906184946,1.3987016248380184,0.576809274728172
-106.94857039036157,-0.32366766604109226,-0.21968322891158965,0.31077030521495574
-63.3405683684347,-5.412276627071863,0.8352157403747582,1.237300489382019
-55.01300875323822,1.4321772150924172,-0.29749695983338564,1.1240328359076386
-88.63016800097628,-4.357079245702328,0.7537108449066016,0.8358811163538618
-64.12820214512344,3.1162775642193923,-0.03466284707218392,0.7502246947564966
-71.19887765437707,-1.671558200548439,0.7256107362019407,0.8297055753032484
-63.40642869825565,1.1667524792578516,2.2864760043577133,0.909312038207356
-109.6100773854148,-0.6745438500399534,-1.0436464513201895,0.2187066943159609
-45.37811372176867,2.5891290029777116,0.25879476215456987,0.8939800800271431
-92.17031542042432,0.22265362129762833,2.0257359439819513,0.5095214653403651
-117.95384650409801,-4.097922671807148,0.5693058851592153,0.4600131797593853
-71.29143295343621,-0.6288596743631649,0.8833802846651762,1.2491623852767466
-51.434522834074215,0.4346570873776071,0.5950978885763065,0.8614606767813461
-62.28631675087004,5.8101421814511465,0.4919330455267271,0.7672551339077104
-73.67186138039597,-0.12374009659248188,0.35320184682882483,0.7233072104310309
-103.1767983135365,-0.44330647820140173,0.46241966277224844,0.43024160335160366
-74.47652368323448,-0.15389690357860575,1.9230440494176193,0.7064468604279357
-138.1021590344039,1.5136079539328793,-5.60874255904779,0.8527999064626163
-77.19829682671518,0.27127484043004196,-1.225085404918,1.3718219507205434
-76.4413637310685,-0.5806899006050541,0.4588362757695499,0.7287232505769082
-57.86588130147009,0.6550760540568807,0.5117099858343631,0.8135282703299508
-56.5915879917295,1.602437264239566,0.9247993314422672,0.7746800024363715
-61.76421069306674,-0.21752028094313983,1.196461674525163,0.817901436382454
-82.30537012328477,-0.09839235544067693,1.463831971113684,0.6568015741462739
-84.74339399949923,-0.5399571341680093,-1.113604016181413,0.8540138808015186
-154.7466528083935,-5.877809623590412,1.0574117551083302,-0.5420187572798523
-103.4287569869811,0.5745337560750802,0.1971621381083573,1.6385218811691875
-68.3941284370493,5.335138180029506,-0.11711022345328159,0.7160523138270882
-102.36837442811057,-2.0646036378343267,-1.8781962273151995,1.0802795900188493
-95.06259066913579,-0.5018866995214268,4.591564649924356,0.5062577044941494
-92.5415140052097,2.398862419903733,-0.002384184547327861,0.3561330844383659
-89.96591585913703,-0.19187982074081072,3.2772599865281715,1.0196821753156096
-119.08315346109772,0.30642950643996864,7.684355179224259,0.282352023492473
-75.98159320379932,-0.6458339133284914,-0.5888692473847408,0.910092585869555
-68.90397997729332,3.5508203515650516,2.1830408538023365,0.6973647080448903
-113.1247562098387,3.1070828511537587,2.7034439618969732,-0.01269252793294473
-49.43615458358319,-2.7682931230873655,0.6837969396970588,0.9699712849685997
-60.910347715736066,0.15543416840968982,0.5020384007920612,0.8094544835309084
-127.65456795240027,-1.72234797480218,1.3102780247840995,0.0500107921536842
-129.65636768558608,0.5573900467043066,6.76475568614287,0.6513877352892151
-75.95003366513762,-5.35680259786674,0.8360481802445143,0.9529527022686609
-103.01907234229924,0.22856912259888573,-2.1244606364662593,1.0040218274717811
-74.41924953866459,1.932885057555679,-0.6181578096673925,0.988978139082829
-52.9325056676662,4.122051793514032,0.4433268539502025,0.8185193696979769
-86.05058530811442,-0.65546068971211,-0.5409426453837904,1.4313565019207282
-96.04846713415476,-2.572141974025661,-1.124253189289419,0.5329239409886297
-79.19834494446293,-0.668887919210497,0.6744785992204202,0.7188302457682845
-86.94593412183005,1.7080647557999233,1.918057349987812,0.5038285755931267
-69.1638846133061,2.548368220935075,-0.6087028937185168,0.8194217385863505
-70.18321465501857,-0.1703935801370892,1.401668970597283,0.7588427900414969
-59.49259019292988,-0.35086987152636784,0.3659951648518051,0.8455894331729819
-92.79547869944494,0.9503912751058398,-1.4191988184534634,0.42575484709648853
-92.82673314183613,-6.152306656390925,0.7403776025094834,1.539146478396344
-49.687469989711964,-0.6111898139226836,0.7017156298530784,1.1246593203031772
-83.74232177643688,6.1793227764845415,-0.8439481545075049,0.9098318321663393
-51.8681491944036,-0.5361422397001813,0.2995730335929105,1.0064761821381158
-54.44756662641974,2.995797930133905,1.0391075651806205,1.049252657047427
-71.73115330486519,-1.325520558949641,-0.8145340162712023,0.8040438931624211
-61.3277817178725,0.2929409435317779,1.932470625464748,0.7984085542219929
-60.391013012307276,0.16883011942847312,1.7991786737080098,0.8034756804138349
-77.18803592953714,0.9882255510372322,3.0392216836716406,0.6979322012008259
-90.37257173899346,2.4011429373026307,0.15390046591393325,0.3949574008132804
-83.26309381976687,4.491676832711157,-0.8077517398824576,0.5884348261518755
-101.31605448509039,0.09750501127895643,1.3679076589847163,0.42208703258651453
-75.74342463705074,4.037333842133498,2.1354631799639745,0.587956261417571
-67.7866182811901,3.0502588473407566,-0.6408130919092392,0.7566880931873301
-87.76122648154998,0.15964286504466013,-1.507164267539687,1.1889509766952548
-73.34336457162404,1.6590772787262789,2.9210648377929944,0.7842043397670361
-103.2360014525136,0.47867030469135163,0.6187161696074751,0.357223088185817
-88.01729465631105,-1.2317577937841957,0.5609019906693693,1.4221744183383784
-60.34601767552088,1.1724072720589567,-0.17526104081020621,1.1964134186543738
-25.244823688097924,1.4466771272730437,0.8786204546302,0.9929043320692875
-61.79701965966086,-0.5569018995824228,-0.08532138049477495,0.8443304586293567
-61.49135917916621,-1.0420011098335589,0.8854660387730459,0.858217631294966
-84.66771536408592,2.0741917976669817,2.779352474558785,0.5513247026066501
-72.47696407148926,7.95126043713434,-0.17001078056632468,0.7166469767762138
-90.36171289175823,2.966098979690438,0.8226603558677716,0.39206675837401656
-110.95615093328693,-2.491039682794683,-2.581954414570208,1.0877123146034569
-61.45775617125788,1.0769451246229627,0.8733032810264832,0.7616275385959996
-76.44686218683233,2.6285412061819886,-0.7090732751035806,0.8860685861296462
-122.62928935868185,-0.8883893885863887,2.3258567430217143,0.04992394834547542
-133.39301096218094,6.4878031011133235,1.8032297054662392,1.8309046578017816
-74.54151303172456,4.389298687592679,-1.24936025870937,1.1676012300791103
-43.43127630568446,-1.5611276517764447,0.7642236385055056,0.9556204885844244
-63.357371595135355,0.44745584726317444,2.1685872048028254,0.7915978086225236
-51.767629064659225,-0.6639348357986766,1.8989787271314151,1.0562459355177054
-55.76006736832667,1.5475796802461572,0.46665484365994264,0.8084759534802077
-51.62279263965634,0.2068711321051346,-0.02193062287497527,1.1155361201946947
-97.72365476113923,-1.4321529031007938,-1.9569502126576643,1.224991551970564
-72.09151747976347,-4.08208720449304,-0.40505451401441406,1.207537599736874
-93.2050534246672,-3.648899418394215,-1.0758121713140223,1.0467990991796394
-111.85807532015272,-0.5485061672735895,-3.1845166037180896,0.7264914002153597
-84.18615265105548,-0.4209876814026895,-1.4369176674442434,1.2323415368548956
-114.21559887669011,-0.08324437667324189,-3.065503654849771,0.8603030854340394
-103.83196467001886,-1.709818496021675,0.8681246905298046,0.5257017607937456
-40.60270563059224,-1.3528745579341128,0.5592581969361821,1.0572309849036636
-31.853233071953994,1.6576189445613967,1.085553938192087,1.016589703904843
-89.91545377483097,0.3576419267566065,4.075430329920162,0.6830442654615027
-87.8812577449475,3.331018536419283,1.6353396682815264,1.2607790300714719
-67.46765106806221,1.003387652401518,1.102102459366632,0.7217403594328925
-109.11623060955617,-2.322672354183309,0.0914763075938767,0.4588890745468899
-52.64462466761529,-2.88812983516299,0.3886659446714047,1.0215966208863927
-96.47717246274033,0.087048796988776,2.7557968260237784,0.4218805814517677
-53.546262534272074,-5.0430127814797565,0.7530928840217764,1.178637362767513
-102.92273020179424,1.665156751762198,4.179759962830045,1.1097247866045876
-68.36212082742767,1.1168464824964368,1.420744842526428,1.1859304427727118
-95.73187695366948,0.530840663990228,-0.02622542239852832,1.5331804600414474
-67.14126837646049,4.249664290191924,0.2882101633062877,0.7053852490725456
-50.781246198345336,-2.322634453413646,1.7898437285971938,1.1573786406595952
-98.81222358164419,0.1357437728744847,4.365223480625629,0.44385261170823825
-90.91567304658992,-0.22348185786853425,-0.8889751488991566,0.5003200613936073
-71.77679914426025,0.09291994600859874,-0.02263959972013274,0.7271170273603512
-45.28460545285771,1.7003234906187827,0.3346540979365883,0.9593811944491355
-80.83066651955286,-0.02976270400789748,-1.0410773681461276,0.669450705625285
-47.27140646914519,3.972784051203552,1.5007831680018606,0.9894150676580393
-48.71521965842838,-1.666371937357369,0.37663211614303915,0.97692044352725
-46.699630205179446,1.9980969642697568,1.2902521780720573,1.0536472798107939
-68.3220306590552,2.3777487803408666,-0.3651402156339343,0.9486786674107364
-42.57550699363023,0.1794522024648224,0.5606833280825254,0.916852801998327
-66.18556946912005,-1.705905633849498,0.8285143900874403,0.8621856774439046
-104.70694045002872,-3.260829133387149,1.2958323428790646,0.6130928730025974
-138.9188538426435,0.08016621938008753,-5.219210640364914,2.802959773658363
-74.88513007771262,0.20535646330783147,1.4188693300430248,0.7035949266233803
-47.17160192790253,-1.9343962206320278,1.152851996851253,0.9526900540711963
-62.05563923127251,2.4409907551902177,-0.3218075652487109,0.7810716883146026
-94.26592499468654,-1.6103004164111738,0.5113972793371956,0.628841507646204
-70.61978172328682,-0.3376084910031521,0.9866274598464969,0.769820711742641
-119.40775399466212,5.545857085890188,0.9296948477920719,1.5542694957689105
-69.69800349865262,2.203344546892928,0.16249858778861265,0.6666539684174926
-113.22573834471402,0.4855022628837833,1.9181467254390996,0.16406770100863
-93.12149258337304,-9.522516526827369,-1.8178369468095048,0.8451930618037508
-72.76769512482662,0.9679073672332574,-1.0266536336569492,0.7612749889788346
-94.35440326643538,0.9079170144350167,0.5654941282404816,0.44905412594930466
-124.27654323845613,0.7981663622669171,0.04074436890620864,2.1539889816641495
-96.47330140742889,-1.8770296029356854,-2.03181166616647,0.7613202062139068
-67.622021098698,-1.95714985476624,-0.0972468777492827,0.9907280761522329
-56.13859850794164,0.9034016622068192,0.062393326655095616,1.0083049288892196
-51.88875585369289,-0.6058264183752042,0.036672658908866895,1.1326821897608355
-83.07976757211945,1.991267782479492,-1.0943555019211122,1.0553511076410236
-70.23559848024514,0.29179290214514303,-0.8260915964091797,0.7934186025593393
-22.365730145710984,-1.4423753473726537,1.1641872795096606,1.0309247508789092
-83.03426647310053,-0.016878700645649912,-0.21398003851480674,1.3879635636277137
-81.1930084311303,-2.383013981771547,-0.7184953163642216,0.728881163209444
-91.30519020326892,1.0091321309099777,-1.4076575940540241,0.906936579921498
-26.65605474921445,0.10426875451224396,0.7951560480492975,1.0075568531960162
-72.82501153573301,0.6380864219177713,0.1353623698386961,0.6887138864193174
-39.14742434466012,-0.7200617842598614,1.3903875852608372,0.9395403022353498
-94.42551175722605,0.497676699232373,-1.1097888261824485,1.5664382833122503
-90.56968155761413,-0.8822244042080135,-0.010271087138638002,1.4755334969673712
-68.07544317682338,-0.7293932637976241,-0.37419894506391527,0.8052180231727663
-100.07080884055344,1.8672655515887466,0.6695504915495468,1.4973117264634062
-91.4956071960354,-1.1802288255895046,-0.28232138201931034,0.5760426257678015
-82.0732959185499,1.8772362968379874,1.1972012566076156,0.5491093656991473
-95.0173530513506,-0.671548122202153,3.9065068622092496,0.45999502274539034
-81.12462171542361,2.5220362274616,-0.8930587119990232,0.9450350154988656
-90.6639422541533,3.7956713528034443,3.4105923640466633,0.9660320911642536
-26.852637909197938,0.1747706182638044,1.338688433377508,0.9938804113354502
-81.4040264038087,1.1031080679935148,-0.8784453661062768,0.9740907157913838
-109.09212520166338,0.024831410153155854,1.3784634482435818,0.29978891984139144
-68.90256616204718,0.9422274180042696,1.1252159764194598,1.1924026745804521
-89.36286635015,-1.0632689782887152,-1.2829445424543438,0.586903974207792
-87.55304004964646,0.5124128615075371,-1.8097732942763889,0.7139212115109699
-73.77231075632189,-2.380237717637109,-0.3297802999405932,0.8025078644684629
-111.71443290576624,1.3220536217134797,4.685502881109385,0.8460220090258332
-71.81596915987174,0.9809819673312621,0.014587192164876639,0.6861450740596549
-88.45225728591677,2.3484642799370237,0.16679570928402,0.4280123718059538
-58.023556426950655,1.0345817966831696,1.807550633247508,0.8018873994663324
-70.41309863263696,-1.8101459845772558,2.400911405306993,0.9761008912654052
-51.41906458409237,-2.1469641875058794,0.3952292893991922,1.0432073528394727
-89.52206483800704,-0.436763800639765,4.188920953891783,0.6712795594966496
-71.30642532675448,-0.938933969996455,2.1830025335259498,0.7544138470114617
-78.03717743005629,0.5801489565250484,-0.7600351564192906,1.0567768876828711
-67.10773348319783,-1.0799394967132894,-0.2103346046169925,1.096427906540919
-59.69717554942278,0.5379353208010828,-0.3997648824495931,1.2091512093889487
-105.45443251361849,-0.2811583637551406,0.5064930561927362,0.3837246550606483
-73.78534777438875,0.8276793083561977,-1.031257018871006,0.7284665430700543
-129.76079249468202,-0.11287774011750251,2.5210641446729447,-0.23130141536239401
-64.45104529615811,1.3486724647884996,0.21897567740377294,0.7483196063931671
-80.8362425277623,-0.45032288603009046,-0.802755989980017,0.907727593667814
-112.9438920478419,0.6254856440848034,2.016421108020838,1.7673247874156242
-66.37700907840478,-0.4225575043608739,2.3477749433337394,0.9380953244042018
-63.36600278517176,0.25746276725088707,0.10313083828812675,0.8050463382443039
-55.66821304570435,-1.1542279421553527,0.05505206037219745,0.9212742531254101
-65.32816466103912,-2.0320975114030295,0.27311298046008714,1.228324817815929
-83.32005916721313,7.539690083786434,0.9533573890208382,0.5222196840981945
-71.45553642548745,-0.1341761022278813,1.6519947874490928,0.7396604702936297
-40.05078270087718,-1.5125793901424427,0.6795550603368752,0.9684151347972049
-91.57184792181984,1.5976862001974803,0.1960930300843426,1.4217321736527269
-77.8500402837891,-2.4266910342834813,0.36785506856173894,1.322338173432818
-55.05942063360493,0.1039412141007828,-0.11656100917430767,1.171834114240647
-114.14810628522312,0.38744408533939245,-0.6852405601671874,1.9227854757434313
-105.74167453437187,2.6032249756444723,-0.8339245116075833,0.08138874728023571
-60.006185942838485,1.5749007427796742,-0.30689872344521374,0.812944168767658
-63.17784126873559,-2.106338151691573,-0.041043084841776656,1.1178762951297527
-47.10494942323028,-0.7356647838078383,0.3328918061033946,0.9444328251743652
-60.32155231030475,0.9458169625210171,-0.4347467479924545,1.1362931142174424
-78.7130829227883,-6.829203339469367,-0.9905190031641908,0.8753531164570991
-59.63257862739488,0.2939926007520595,-0.1292055403253577,0.8980602319395117
-40.190765005853905,1.1611771335178502,1.1586329174701389,0.8788232240914281
-76.92689060781265,-3.136022495330422,-0.4945216118686653,0.9505089773242827
-78.01714535714153,1.7479810817024535,-0.6564194511728019,1.3330360064784452
-70.72237503757896,-2.5950520853009946,1.1141515568944143,1.2824697037469313
-53.158673636961964,-0.2608224608324954,0.3174410736282036,0.8836139758501386
-96.32046883295847,0.4909825816464267,-1.6793082983337722,0.9288246656781652
-89.90618466540543,-1.023012622893425,0.9318091380985783,0.6476947951770692
-71.98212549987909,-0.22193689574927977,1.0642688169741965,0.7540996402806658
-100.75055251393152,3.3182758086597426,-2.458479205163424,1.1871829634366264
-65.5726218998636,-1.7785012779373315,2.4546041217214034,0.9025258421540285
-106.97694420568861,-4.87145130346877,-2.4555032686744633,0.37713358363495575
-52.559948902917256,-1.9030848455917655,1.9619957860280475,0.9256321523474055
-81.50072525764642,2.186101622835225,-1.0926321725313388,0.8103498498671127