-50.32766037136442,2,0,2,2,1,2,2,1,1,2,1,1,2,1,2,1
-52.91392241259489,2,2,2,0,1,2,2,1,2,2,2,2,1,1,0,1
-52.35953636273736,1,2,1,2,1,0,0,2,2,2,0,1,1,2,0,2
-53.71261740105144,2,0,1,2,2,2,1,2,1,2,1,2,1,1,1,2
-53.18037972070724,1,2,1,1,1,1,1,2,2,2,2,0,1,2,2,0
-47.745021906602275,1,2,1,2,2,1,0,2,2,1,1,2,2,2,2,2
-56.87277002123722,2,1,1,2,1,2,0,1,0,2,2,2,0,1,2,1
-45.48395892033025,1,2,1,1,2,1,2,0,1,2,1,1,2,2,2,1
-44.35128417291957,2,1,2,2,2,1,2,2,0,1,2,2,2,2,0,2
-53.65707824380626,0,1,1,1,2,2,2,1,0,1,2,2,2,2,2,1
-54.072269779991935,2,1,1,1,2,0,1,0,2,2,2,2,2,2,2,2
-48.33085258901488,1,0,2,1,1,1,2,1,1,1,1,1,1,1,1,0
-51.88568289320529,1,1,2,1,2,2,2,1,0,1,2,2,1,2,2,2
-55.677407340836524,2,2,2,1,2,0,1,0,1,2,2,2,1,2,2,2
-56.63162037776669,1,1,2,2,1,2,1,2,1,2,1,0,2,1,2,0
-47.516499669873575,2,0,1,1,2,2,2,1,2,0,1,1,2,2,2,0
-54.56026387971623,2,2,1,1,1,2,0,2,2,2,2,2,2,2,0,1
-48.04354907831221,0,2,2,1,1,1,2,2,0,1,2,2,2,2,2,2
-47.570939118396055,2,2,2,1,1,1,1,2,1,2,2,2,2,1,2,2
-48.33023518649277,2,2,2,1,2,2,0,1,1,2,2,1,2,2,2,2
-46.36864015515382,2,2,2,0,1,2,1,0,2,2,2,1,1,2,1,2
-45.99221136121236,1,1,2,1,0,1,2,1,2,2,2,2,2,2,2,2
-55.48174480846041,1,2,2,0,2,0,1,2,2,1,2,2,2,0,1,2
-51.52166836897481,0,1,1,2,1,2,2,2,2,2,2,2,2,1,1,0
-48.42987173797761,2,2,2,2,2,1,2,2,2,1,2,2,2,2,1,1
-46.21645909968615,2,0,2,0,1,2,2,1,2,2,1,1,0,2,0,2
-52.315417803285584,1,2,1,2,1,2,2,2,2,1,2,2,2,2,1,2
-52.35662495092346,1,1,1,0,1,2,2,1,1,2,0,2,2,2,2,2
-45.452431283772924,2,2,2,1,1,2,2,2,2,2,1,1,2,2,2,0
-44.62484076595838,2,2,1,2,2,2,2,2,1,2,1,1,2,2,2,2
-51.018350388188445,1,1,2,1,0,1,2,1,1,2,2,2,1,0,1,2
-41.90008443306379,2,2,1,1,2,1,2,2,2,2,0,1,2,1,0,2
-53.327969128618655,2,2,1,2,1,1,2,1,2,2,2,0,0,1,0,2
-49.65752604912101,1,1,1,2,2,2,2,2,1,1,2,2,2,2,2,2
-48.03560942793108,1,1,0,1,1,1,2,2,1,2,0,1,0,1,2,1
-61.00391673337648,2,2,2,1,2,2,1,0,1,1,1,0,1,0,1,2
-42.47121904753665,0,1,2,0,1,1,2,2,1,0,1,1,2,2,2,2
-51.45107732129625,1,0,1,1,0,1,1,0,1,1,2,2,0,1,1,2
-57.47274525874513,2,2,1,2,2,2,0,1,1,2,2,2,1,2,1,1
-51.0347284754918,2,2,2,1,2,2,1,1,2,1,2,2,1,2,2,2
-47.52732611945043,2,2,2,0,0,1,1,1,1,2,1,2,2,1,0,1
-45.220943318948905,2,2,2,2,2,1,1,2,2,1,2,2,2,2,0,1
-58.32751187669009,1,2,1,2,1,2,0,2,2,1,2,2,1,1,1,1
-51.56398713267999,2,0,1,1,1,2,2,2,2,1,2,1,1,0,1,2
-47.775672878868676,1,2,2,1,2,1,2,2,1,2,1,2,1,2,2,2
-56.51734384901665,1,2,0,1,2,2,2,1,1,2,1,2,2,2,1,1
-46.3347082834086,2,2,1,2,1,2,2,2,2,1,2,1,2,1,2,2
-39.78297348509569,1,1,2,2,2,1,1,2,0,1,2,1,0,2,2,2
-58.71639597189978,1,2,2,2,1,1,0,1,1,2,2,0,1,2,2,1
-52.66813001059718,2,1,2,0,2,2,0,2,1,1,2,1,1,0,1,1
-44.803257325226795,1,1,1,0,1,2,2,2,2,2,0,1,2,2,2,0
-43.64187550620292,1,2,1,1,0,1,0,2,2,1,2,1,2,2,2,0
-50.21316826504731,1,0,1,1,0,1,2,1,2,1,2,2,1,1,2,2
-52.89972944059825,2,2,2,0,1,0,1,2,0,1,0,1,0,2,2,1
-53.46364063739353,0,1,2,1,2,2,0,2,0,2,2,2,2,1,1,0
-44.54530151553556,2,2,2,1,2,1,1,0,1,2,2,1,1,0,2,1
-56.308990643824416,0,2,2,2,2,0,1,0,1,0,1,2,2,2,2,1
-52.50020872122752,2,2,0,1,1,2,2,1,2,2,2,2,2,0,2,2
-53.732223482844184,1,2,2,1,2,1,0,1,2,0,1,2,2,2,1,1
-51.395299095848664,1,0,1,2,0,1,0,2,1,1,2,2,2,2,1,2
-43.150210853335636,1,2,2,1,0,1,1,2,2,0,0,1,1,2,2,1
-46.000947330894434,1,1,2,2,2,2,2,1,2,2,1,1,2,2,1,2
-48.711269134432165,0,2,1,0,1,2,1,1,2,2,2,1,1,1,1,2
-53.92149817807582,1,1,1,0,1,2,2,2,2,1,2,2,1,0,1,2
-52.28875089013677,1,2,2,2,0,1,2,2,1,1,2,0,0,1,0,2
-50.01684433329511,1,2,0,0,2,2,2,1,2,2,2,2,2,2,1,2
-49.781230389831336,1,1,2,2,2,2,1,2,1,2,2,2,2,0,1,0
-57.664758421119735,2,2,1,2,2,0,1,2,0,1,2,2,1,0,1,2
-41.445200034516326,2,2,2,1,2,1,2,1,0,2,2,1,2,2,2,2
-45.20633770891507,1,2,2,2,2,1,1,2,1,0,1,2,1,2,0,2
-54.85551332729046,0,1,1,2,2,2,1,2,2,1,2,0,2,0,2,0
-45.1910787852052,0,1,1,2,2,2,2,2,2,1,0,1,2,1,2,0
-50.649847923171706,2,2,2,2,1,2,1,2,2,2,2,2,2,1,2,1
-43.54895372738894,1,2,2,2,2,2,1,1,0,1,2,1,2,2,2,2
-55.87335184697412,1,2,2,2,2,2,2,1,2,2,0,0,1,0,2,2
-51.39933256697137,2,1,1,2,1,2,2,1,0,2,1,2,2,2,2,2
-40.550691962238545,1,1,2,2,2,1,2,2,2,0,0,1,0,1,2,2
-46.85677395962453,2,2,2,2,0,1,1,1,0,1,2,2,1,1,2,2
-63.52108577591023,1,2,1,1,1,2,2,1,2,2,2,0,1,2,1,1
-52.911028229355125,2,2,2,1,1,2,1,1,2,2,1,2,0,1,2,2
-52.034202107748754,2,2,2,0,2,1,0,1,2,1,1,2,0,1,1,2
-50.01977559423688,2,2,1,2,1,2,2,0,1,2,1,1,1,0,1,0
-52.566186487607354,1,2,2,2,1,2,2,2,1,1,2,2,2,2,2,1
-52.02391240454195,2,2,2,2,2,2,2,2,0,1,2,2,1,1,2,1
-51.884115319568735,1,2,2,0,1,1,1,1,2,2,1,0,0,2,2,0
-54.97445086813322,1,2,2,1,1,1,0,1,1,0,1,2,1,2,1,2
-53.43408884824781,1,2,0,1,2,2,0,1,2,2,1,2,2,2,2,2
-59.1105907248511,1,2,2,1,1,2,2,0,1,2,2,0,1,2,2,2
-55.26779997061257,2,2,1,1,2,1,2,2,2,2,2,0,1,0,1,0
-52.34203614242743,0,1,2,2,1,2,2,0,1,2,2,2,2,2,2,1
-53.0503265768062,1,2,2,1,2,0,1,2,2,2,2,2,2,1,0,2
-55.90926508020154,1,0,2,1,2,2,2,2,2,2,2,0,1,2,2,2
-44.79242150654961,2,1,1,1,1,1,1,2,2,1,0,1,2,2,0,1
-43.24258722461404,1,1,2,1,2,1,2,2,2,2,0,1,2,2,1,2
-53.34633886918565,1,2,2,1,1,2,2,0,1,1,2,2,1,2,2,0
-44.061920688215174,1,2,1,2,2,1,1,2,2,2,2,2,2,1,2,2
-50.29000631845659,1,0,1,2,2,2,1,2,1,2,2,2,2,2,1,0
-49.149647147219426,2,1,2,1,0,1,0,1,2,2,1,2,2,2,2,2
-52.01692924901122,1,2,2,1,1,0,2,2,2,1,2,1,1,2,2,2
-49.491241293447715,1,1,2,2,2,2,2,2,1,2,2,2,2,2,1,0
-50.155515843458794,1,2,2,2,2,2,1,2,1,2,2,2,2,1,2,1
-48.59989122548073,2,0,1,1,2,2,2,1,1,1,2,1,2,2,2,2
-56.92863555924978,2,1,0,1,1,0,1,2,2,2,1,2,1,2,2,2
-45.14097677418338,1,2,2,2,1,1,2,2,0,1,2,1,1,1,2,1
-44.04296894334241,2,2,2,2,2,2,1,2,0,2,0,1,1,1,2,0
-49.83081763294624,1,2,1,1,1,1,2,0,1,0,2,2,2,1,2,2
-61.38255683587303,1,2,1,2,1,2,1,1,1,0,1,0,1,2,1,2
-56.36350171405293,1,2,2,2,1,0,1,2,1,1,1,2,2,1,2,2
-56.19528683113061,1,1,0,1,1,2,2,2,2,1,1,2,1,1,2,1
-49.041418691310284,1,2,1,0,1,1,2,1,2,0,1,2,1,1,0,2
-54.0785000418294,2,1,1,1,0,1,2,0,2,2,2,0,2,2,0,1
-54.61294320203899,1,1,2,2,2,2,2,0,1,1,2,2,1,2,1,1
-47.210789463666,2,1,2,2,1,1,2,2,1,1,2,2,2,2,2,2
-43.56078727216281,2,1,0,1,0,1,1,1,2,2,2,1,2,2,1,2
-57.42708011360824,1,2,1,2,1,0,2,2,2,1,2,2,0,2,0,1
-52.308235944183316,1,2,1,1,2,2,2,2,1,1,2,2,1,2,2,2
-57.35943429877252,2,2,2,2,2,2,2,1,2,1,1,0,1,0,2,2
-54.003458864985355,0,1,2,2,2,2,2,0,1,0,2,2,1,2,1,1
-54.70481126509447,2,1,1,2,2,0,1,2,2,2,2,2,2,1,0,1
-49.01359406804057,1,2,2,1,1,1,2,2,1,1,0,2,2,2,2,2
-56.744236318759874,1,2,2,1,1,2,0,1,1,2,2,2,2,2,2,1
-50.990901135493026,2,1,2,0,1,2,0,1,2,0,2,1,0,1,0,1
-53.845077581456046,1,0,1,1,0,1,1,2,2,2,0,0,1,1,2,2
-57.1614364769495,2,1,2,1,2,0,1,0,2,0,1,2,2,2,2,1
-43.73345767862666,2,2,2,0,1,1,1,2,2,0,1,1,1,0,1,0
-51.76399085495444,2,2,2,0,2,2,2,0,1,0,1,2,2,1,0,1
-46.126591412776385,2,2,2,1,0,2,1,2,2,2,0,1,2,1,0,1
-48.68750351123648,1,0,1,2,2,1,0,0,2,1,2,2,2,1,2,2
-39.00525360093987,0,1,2,2,2,1,1,2,2,2,0,1,1,1,0,0
-50.68563305553258,2,1,2,1,1,2,1,2,0,2,1,2,2,2,2,2
-53.1533004244424,2,0,1,2,1,2,2,2,2,2,2,2,0,0,1,2
-55.6433474311147,1,0,1,2,2,1,2,1,2,0,1,0,2,1,0,1
-57.105952467546146,1,2,1,0,1,1,1,1,1,2,1,0,0,1,2,1
-43.24258722461404,1,1,2,1,2,1,2,2,2,2,0,1,2,2,1,2
-51.486996914034684,2,2,1,0,2,0,1,2,2,1,2,1,2,1,1,2
-53.19076917374608,2,1,1,2,0,1,1,2,2,2,2,0,2,1,2,1
-46.940625983012794,1,1,2,2,0,1,1,0,1,0,1,2,2,2,1,0
-50.43296027828344,1,1,2,0,1,2,1,2,2,0,1,2,2,1,2,2
-47.62276623166687,0,1,1,2,0,1,1,2,2,2,0,2,1,2,1,2
-41.147864266610675,1,2,2,2,2,1,1,2,2,2,1,1,1,1,0,1
-49.18118734847991,2,2,2,2,0,1,2,0,2,0,1,2,1,1,2,1
-53.14402592677323,2,2,2,2,1,2,2,2,2,1,0,2,1,2,1,2
-44.099825967383936,2,2,1,1,2,1,2,2,2,2,0,1,2,1,0,1
-46.33307150803096,1,1,1,2,0,1,2,1,2,2,1,2,2,2,2,2
-46.33067133957502,2,2,2,1,2,1,1,2,0,0,2,2,2,2,0,1
-43.668006211381496,0,0,1,0,1,1,2,2,2,1,1,1,1,2,2,0
-56.74550219127446,2,0,1,0,1,0,1,1,2,0,1,2,2,2,2,0
-54.41418641888363,1,1,2,2,2,0,1,1,0,2,0,2,2,1,2,2
-52.58019850458912,2,2,2,2,1,2,2,2,0,1,1,2,2,2,2,1
-45.631202875544744,2,2,1,2,2,1,2,2,2,2,2,2,2,2,0,1
-51.469466865684225,1,0,2,0,1,1,0,1,2,0,1,2,2,2,0,1
-52.55238504583273,1,1,0,1,2,1,0,1,2,0,1,2,2,2,1,2
-44.89949431376916,1,2,2,2,1,2,1,2,2,0,1,1,2,1,2,2
-54.68500030913981,1,2,2,1,2,1,1,2,1,1,2,0,1,1,2,2
-52.02508572578279,1,2,2,2,1,2,2,2,2,2,1,2,1,2,2,1
-57.04694821878214,1,2,2,1,2,0,1,1,0,1,1,2,1,2,2,2
-48.10901410644111,1,0,1,2,2,1,1,2,1,2,2,2,2,1,1,2
-50.779337211031724,1,1,2,2,1,2,2,2,2,2,1,2,2,2,0,1
-47.2244842181002,2,2,2,1,2,1,2,0,1,1,0,1,1,0,1,2
-51.077435291473456,2,2,1,1,1,1,0,1,2,1,2,2,2,2,2,0
-40.575729367974304,1,2,1,2,2,1,1,2,2,0,1,1,1,2,2,2
-49.35150735795641,1,1,2,0,1,1,2,2,2,1,2,2,1,1,0,1
-40.10648350212357,1,2,1,1,2,1,2,2,2,2,2,1,2,2,0,2
-46.62391716248961,1,2,1,2,2,1,1,1,1,1,2,1,2,0,1,1
-51.65732138029851,2,2,1,0,2,2,2,2,0,1,2,2,1,2,0,1
-62.28261034939472,0,1,0,1,1,2,2,1,1,2,2,0,1,2,1,0
-54.96111725833629,2,2,1,2,1,0,2,1,2,0,1,1,1,2,2,1
-47.03310829667135,2,2,1,2,2,1,2,2,0,2,0,2,1,1,2,2
-60.050934352853616,1,1,1,2,0,2,2,1,1,0,1,0,0,1,0,1
-42.89747134211973,0,1,1,1,2,1,2,2,1,2,2,1,1,2,2,2
-65.30218213524887,1,2,2,2,2,0,1,1,1,2,2,0,1,2,1,1
-54.461815792568615,1,0,2,0,1,2,2,2,2,1,1,2,0,1,2,1
-45.14072835386968,2,2,1,1,1,1,2,1,1,2,2,1,2,1,2,0
-56.07716832920876,1,1,2,2,1,0,2,1,2,0,1,2,2,1,0,2
-54.26162870865597,1,1,1,1,2,2,2,1,0,0,1,2,2,1,1,2
-45.78957380800554,2,0,1,1,1,1,2,1,0,0,1,1,2,0,2,0
-43.93186052526098,2,2,2,2,2,1,2,1,2,0,1,1,1,1,0,1
-48.727538232680935,2,2,0,1,0,1,2,2,2,2,2,2,1,2,2,1
-47.14087160426903,1,2,1,0,1,1,2,2,2,1,2,2,0,1,0,2
-45.68358413088949,1,0,1,2,2,2,1,2,1,2,2,1,2,2,0,1
-48.54168508471798,2,2,2,2,2,2,2,2,2,2,2,2,2,2,2,1
-51.079161362075304,1,2,1,1,2,1,1,0,1,2,1,2,1,1,2,1
-58.39544115648502,2,0,1,2,1,2,0,0,1,1,1,2,1,2,0,1
-52.10490089361484,0,1,2,2,2,2,0,1,2,2,1,2,1,2,2,2
-48.036292421455556,1,2,2,1,2,2,2,2,2,2,2,2,2,2,2,2
-49.615963601960026,1,2,2,1,2,1,2,0,1,2,1,2,2,2,2,1
-45.2835868575364,1,2,2,2,2,1,2,2,1,2,1,1,2,0,1,1
-46.313630178896446,2,0,1,2,1,1,1,1,2,2,1,1,0,1,2,1
-61.096030401938414,2,1,0,1,1,0,1,0,1,0,1,2,1,2,1,2
-46.930092387686905,0,1,2,1,2,2,2,1,0,2,0,1,1,1,0,2
-53.74340707464454,2,1,1,1,2,2,1,2,1,2,2,2,0,1,2,1
-56.77454555225227,2,2,1,1,1,2,2,1,1,2,2,2,1,1,1,2
-54.977239247697995,1,1,2,1,1,2,2,1,1,1,0,2,1,2,2,2
-43.080846721132474,1,2,1,2,0,1,2,2,2,1,2,1,1,2,1,0
-47.30659255068484,2,2,1,2,1,2,2,2,1,2,2,1,2,2,1,0
-52.57676743207919,2,1,1,1,0,2,0,1,1,2,1,1,1,2,0,1
-56.94587763651536,1,2,1,2,2,2,2,2,1,0,1,0,1,2,2,2
-54.854907291514415,2,1,2,1,2,1,2,2,2,2,2,0,1,2,1,2
-54.21391027007958,1,1,1,0,2,1,0,0,1,2,2,0,1,2,0,2
-53.61601091720488,1,2,2,2,2,0,2,2,2,2,2,2,2,2,2,1
-56.71620527276162,1,1,1,2,2,0,1,0,1,2,2,2,2,0,1,2
-53.419727326105146,2,2,1,1,1,2,2,2,1,1,1,2,2,2,2,2
-45.00739661810314,2,2,1,1,0,1,2,2,0,0,1,1,2,1,2,1
-40.90454119985276,2,2,2,1,2,1,1,0,1,2,2,1,2,2,2,2
-60.46595773897677,1,1,1,1,2,2,1,2,0,1,2,0,1,1,1,2
-49.24254713527383,2,1,0,1,1,1,1,2,1,2,2,2,2,2,0,1
-47.345807116789366,2,2,2,1,2,2,2,2,1,0,1,1,1,1,2,2
-52.19769246414714,1,2,1,1,0,1,0,1,2,1,1,2,0,1,2,0
-46.86870752227419,2,2,1,1,0,2,2,2,2,1,0,1,1,2,2,2
-45.86824171568925,2,2,2,1,1,2,1,2,0,2,0,1,2,2,2,2
-48.20585309997714,1,1,1,2,2,1,2,0,2,1,2,2,1,2,1,0
-50.6519361572162,2,2,0,1,0,1,2,1,1,0,2,2,0,2,0,1
-51.90757161000721,2,2,2,1,1,1,0,2,2,2,1,2,1,2,0,1
-50.00051708570295,1,2,1,0,2,2,2,1,1,1,0,1,0,1,1,2
-43.132893155355745,1,1,1,1,1,1,1,2,0,1,0,1,2,2,2,0
-50.36387864661028,2,2,2,1,2,1,2,2,1,2,2,2,2,2,1,1
-51.949360923693085,1,2,0,1,2,2,2,2,2,2,1,2,2,2,2,1
-52.06654611179953,2,0,1,2,2,2,2,0,0,1,2,2,2,2,1,2
-57.707499651186026,1,1,1,1,2,2,0,1,2,1,2,2,1,1,2,1
-46.489021351951955,0,1,1,0,2,1,2,0,0,2,2,2,2,2,2,1
-54.87840990521293,1,1,2,2,1,2,0,1,2,1,2,2,2,2,0,1
-50.333415429037906,0,1,1,2,1,2,1,2,2,2,1,2,1,1,0,2
-48.32661266288054,1,2,1,2,1,1,2,1,2,2,1,2,2,1,2,2
-45.53601791010812,1,2,2,1,2,2,2,2,2,2,2,1,2,2,2,1
-60.155291542598235,2,2,1,2,1,2,2,1,2,1,2,0,2,2,2,1
-57.97699182698061,2,2,1,2,2,0,0,1,2,1,2,2,2,1,2,2
-51.57747169590804,2,1,2,2,1,2,2,1,2,1,1,2,2,2,2,2
-59.87467132090368,1,2,2,2,2,0,1,2,2,1,2,0,1,2,2,2
-54.11259427337062,2,2,0,2,2,1,1,0,1,2,2,0,2,0,1,2
-46.5911867828395,1,1,2,1,0,1,2,1,0,1,1,1,1,1,1,2
-46.44179491096948,1,0,1,2,1,1,2,2,0,1,1,1,1,2,1,2
-63.94020468046855,0,2,0,2,1,2,2,2,1,1,2,0,1,0,1,1
-53.0067378414726,1,1,1,1,2,2,2,2,1,2,2,2,1,2,0,1
-53.55118511434189,0,2,2,0,2,2,0,1,1,0,2,2,2,2,0,1
-48.50041086600217,1,1,1,1,0,1,1,2,2,2,1,2,2,1,2,1
-50.134098059310276,1,2,1,0,1,2,2,1,1,2,2,1,1,1,1,2
-50.599664943763585,2,1,1,1,1,2,2,2,2,0,1,1,0,1,2,1
-47.124672049509016,1,2,2,1,2,2,2,1,2,1,2,1,0,1,2,2
-56.16597160138318,1,2,1,1,2,0,2,2,2,1,2,2,2,1,2,0
-47.944257692044054,1,2,2,0,2,2,1,1,1,2,2,2,2,2,2,0
-46.595633967593315,1,2,2,2,0,2,1,2,2,2,2,2,2,1,2,0
-54.39672005684264,0,1,0,1,1,2,2,2,2,2,1,2,2,1,2,1
-52.90986400591247,1,2,2,2,2,0,1,2,2,2,2,2,1,1,2,2
-50.05249534884774,1,0,1,2,1,1,2,1,1,1,2,2,0,2,2,2
-56.98765749592936,1,1,2,2,2,0,1,1,0,1,2,2,1,2,2,1
-43.95949389785024,2,2,2,0,1,1,1,2,2,2,2,2,2,2,2,2
-45.18053423341026,1,1,2,1,2,2,1,2,1,2,2,1,1,2,2,2
-51.18364020071521,1,1,0,0,1,0,1,2,2,2,2,1,2,1,2,1
-49.05936037342306,2,2,2,2,1,2,2,2,1,0,1,1,0,1,1,2
-42.04063042668743,0,2,2,2,2,1,2,1,1,2,0,1,2,2,2,2
-49.891808238132306,2,1,1,1,2,2,1,2,2,2,0,1,2,0,1,1
-56.210789432740285,2,1,2,2,2,2,2,2,1,0,1,0,1,2,2,0
-57.26699728533416,2,1,1,1,1,0,1,1,1,2,2,2,2,2,2,2
-52.61429026733272,2,0,1,2,1,1,2,0,1,2,1,2,1,1,1,0
-42.67524242822328,2,2,2,2,2,1,2,2,2,0,1,1,1,1,1,0
-46.30865602369177,1,0,2,1,2,1,1,2,1,2,2,2,2,1,2,0
-57.909606664871085,2,2,1,0,1,1,2,1,0,1,1,0,1,2,2,1
-65.79134012798472,1,1,0,1,1,0,1,2,2,1,1,0,1,0,0,1
-50.43257590000109,1,2,2,2,2,2,2,1,2,2,2,2,1,2,0,1
-47.53427508236346,2,1,1,2,2,2,2,2,0,1,2,1,2,1,2,1
-47.6172617940818,1,0,1,1,2,1,0,0,1,2,1,1,2,2,2,1
-49.25263362687297,2,0,2,1,1,2,1,0,1,0,2,1,2,2,1,2
-46.49586825977888,1,1,1,1,2,2,1,2,1,2,2,1,2,2,1,0
-48.61997835349163,0,0,1,1,2,1,2,2,0,1,2,2,2,1,2,0
-42.555211037038966,1,1,2,2,2,1,2,1,1,2,2,1,2,2,0,1
-54.844283510409724,1,2,1,2,2,1,2,2,2,1,2,0,1,0,1,0
-42.13318785650052,1,1,1,2,0,2,1,0,2,2,2,1,2,2,2,0
-42.72530434641976,1,2,0,1,2,1,2,1,2,2,1,1,2,2,2,2
-46.82047369104475,2,2,1,2,0,1,2,2,2,2,1,2,0,1,2,2
-54.49636349627941,2,2,1,1,1,0,1,1,2,2,0,1,2,2,2,1
-47.8197451996803,2,2,2,1,2,2,0,1,2,2,0,1,2,2,2,0
-46.730864573555586,1,2,1,2,2,1,2,1,2,2,2,2,0,1,2,2
-55.83405203173897,2,1,0,1,1,1,2,1,1,2,1,0,2,2,0,2
-46.85246380381428,1,2,1,2,2,2,2,2,0,1,1,1,2,2,1,2
-49.85070116142693,2,2,2,1,2,1,2,2,2,1,2,2,0,1,2,1
-55.34541467322055,1,2,2,1,1,2,2,1,1,1,0,2,1,0,2,2
-49.70581550422341,2,2,2,2,2,2,2,2,2,0,1,2,1,1,2,2
-51.97329285839929,2,1,2,1,1,2,1,2,0,1,2,2,1,2,2,0
-48.88642361570836,2,1,2,2,1,1,1,2,2,2,0,2,0,1,2,1
-44.46848890552083,2,2,2,2,1,1,2,0,2,1,2,1,2,1,1,2
-41.41130758162267,1,1,2,0,1,1,1,1,2,2,2,1,1,2,2,2
-50.184765715833194,2,2,2,2,2,2,2,2,0,1,2,2,2,2,2,1
-49.1425942531855,2,1,0,1,1,2,1,2,1,1,0,1,1,2,2,2
-54.122542242057754,2,1,0,1,0,2,2,2,2,1,2,2,1,1,1,2
-45.833326246139876,1,2,2,1,1,1,2,1,1,2,2,1,0,2,0,1
-61.72337357880092,2,2,1,2,1,2,0,1,0,1,1,0,1,2,2,0
-47.862727272294634,1,1,1,1,1,2,2,2,1,2,0,1,2,2,2,2
-58.62746889387888,1,2,2,2,1,2,1,0,1,1,2,0,2,2,2,1
-55.41724700917356,1,1,2,2,1,0,1,2,2,1,0,2,2,1,2,2
-51.67427066676376,1,1,2,1,2,2,2,2,1,2,1,2,1,0,2,0
-43.88732030489967,1,2,2,2,0,1,1,0,1,0,1,1,1,1,2,1
-54.534255454966534,1,2,2,1,2,2,1,1,2,2,2,2,1,1,1,1
-61.910723136616774,1,0,1,1,1,0,1,2,1,2,2,2,2,0,1,1
-58.5819221057896,2,2,1,1,1,2,2,1,2,0,1,2,1,2,1,1
-51.23601929246926,1,2,0,2,1,2,2,0,1,1,2,2,2,2,2,0
-49.99048945002818,2,2,0,1,1,1,2,2,1,2,2,2,2,2,0,1
-48.4370305868777,2,2,2,2,0,2,1,1,0,2,2,2,1,2,2,2
-57.19765037658039,2,2,2,1,1,2,0,1,2,2,1,2,1,2,0,1
-51.96264001413016,0,1,1,1,1,1,0,1,1,2,2,2,1,2,2,0
-60.303377887270074,2,0,1,1,1,1,0,1,1,2,2,0,1,0,2,2
-59.11923352653983,0,1,1,2,2,1,2,0,1,1,1,0,1,2,1,1
-44.31000090630304,2,2,1,2,2,1,1,1,2,2,2,2,2,2,2,2
-40.39383052599929,0,1,2,2,2,1,2,2,2,0,1,1,2,1,2,0
-60.159158329658624,2,2,2,1,1,2,1,1,2,1,1,0,1,1,2,2
-51.65737336668095,1,2,2,2,1,1,1,1,2,1,2,2,1,0,1,1
-58.00404347758871,2,1,2,2,2,0,0,1,2,2,2,2,2,0,2,1
-49.73443936052007,1,2,1,2,2,1,2,2,1,2,1,2,1,0,1,2
-54.05782372139964,2,2,2,2,1,0,1,0,1,2,2,2,2,2,2,2
-68.15130366516239,0,2,2,0,1,0,1,2,1,1,0,0,1,1,1,1
-52.32698425361608,2,0,2,1,2,2,1,0,1,1,2,2,0,1,2,0
-50.343375736352684,1,2,2,2,1,2,1,2,1,1,1,2,2,2,2,2
-55.168588580196875,2,0,1,2,2,2,0,2,2,0,1,2,0,0,1,2
-40.69793272949439,2,2,2,2,2,1,2,1,1,2,2,1,2,2,2,2
-49.52542238051541,2,1,1,1,1,1,2,1,2,2,2,2,1,0,2,2
-52.83563423711585,2,0,1,0,2,1,2,2,2,2,1,0,1,2,2,2
-51.44132561392089,2,2,2,2,1,2,2,2,2,0,1,2,1,1,2,2
-56.22549988325647,1,2,2,0,2,2,0,1,2,2,2,0,1,2,0,0
-47.59748058537475,2,0,1,0,2,1,1,1,1,0,1,2,2,2,2,2
-51.147130059238414,1,2,2,1,1,1,1,1,2,2,0,2,1,1,1,2
-46.028116968099226,1,2,1,2,2,1,2,2,2,2,2,2,2,2,1,2
-44.71854766038759,2,2,2,1,1,1,2,2,1,2,0,1,2,1,2,2
-48.29685616393898,2,2,2,2,2,2,2,0,2,2,1,2,0,0,2,0
-50.548572882532966,1,1,0,1,2,2,2,2,2,2,2,2,0,1,2,2
-45.15157522393259,2,0,1,1,1,1,2,0,2,2,1,1,2,0,2,2
-46.370713348858224,1,1,2,2,1,2,2,1,0,0,2,1,0,1,2,2
-50.70229372452806,2,1,1,1,2,2,2,2,0,1,1,1,2,2,1,1
-49.58876388694882,1,0,1,2,2,1,0,0,1,1,1,2,2,2,2,2
-59.822933193793965,2,2,1,2,2,2,1,0,1,1,2,0,1,1,1,2
-48.15866398818911,1,2,2,2,1,1,2,1,2,2,2,2,2,0,1,0
-48.57993354827774,2,1,1,1,2,2,2,2,2,0,1,1,2,0,2,1
-49.04887796061092,2,2,2,2,1,0,1,2,2,0,1,1,2,2,2,2
-57.669745262799786,1,2,1,2,1,0,1,1,2,0,1,2,0,1,2,2
-51.13747390931499,0,1,1,1,1,1,0,1,0,2,2,2,2,1,2,2
-56.448763369806194,1,1,2,1,2,2,0,1,1,2,1,2,2,0,1,0
-55.42004630641056,2,0,1,2,2,1,1,2,2,2,0,0,2,2,1,1
-56.12885194603892,1,1,2,2,2,1,0,1,0,2,2,0,1,0,1,0
-52.15427406818358,1,0,1,1,2,2,1,2,2,2,2,2,1,2,2,1
-44.22727364393457,1,1,2,2,2,1,1,2,2,2,1,2,1,2,2,2
-56.536836968371006,2,2,1,1,2,1,0,1,1,1,1,2,2,1,1,1
-51.04470417632361,2,2,2,1,2,2,2,0,1,1,2,2,2,2,2,2
-45.448696875883705,1,2,2,2,1,1,2,0,2,2,2,2,0,2,2,2
-49.567683531632824,2,2,2,1,1,1,1,2,0,1,2,2,2,0,1,0
-49.85278510367523,2,0,1,1,2,2,2,2,2,2,2,2,2,2,2,2
-47.205908451408426,0,1,2,2,1,1,2,2,2,2,2,2,2,1,1,0
-46.978779733213706,1,0,1,1,2,1,1,2,2,2,2,2,2,2,0,1
-53.64203132580936,2,1,2,2,1,2,2,2,1,1,1,2,2,2,2,1
-54.82791077792449,2,2,1,1,1,1,1,2,2,2,1,0,2,0,0,1
-47.05749626541481,2,2,2,2,2,1,1,1,1,2,1,2,2,2,0,1
-50.315681891552714,2,2,1,1,2,2,1,1,0,1,1,1,0,1,2,1
-47.319008014478506,1,1,1,1,0,1,2,1,2,2,2,2,2,0,2,2
-51.58046960300077,2,2,1,2,1,2,0,1,1,2,0,1,0,1,2,2
-59.87443253836306,2,0,1,1,2,2,1,2,2,2,2,0,1,1,2,1
-53.11496610225458,2,2,1,1,2,0,2,0,1,2,0,1,1,2,2,0
-57.193529709138495,1,2,1,2,2,0,1,2,2,1,1,2,1,1,0,1
-50.390647850596935,0,1,2,1,1,2,1,1,2,2,2,2,2,2,2,2
-51.80010123398493,2,0,1,1,1,1,1,1,0,1,1,2,0,1,2,2
-52.44514895426627,2,1,1,1,1,1,2,2,2,1,1,2,0,1,1,2
-54.86304201356294,1,2,1,2,1,1,2,2,0,1,1,0,1,2,2,2
-51.09845484395561,2,2,2,0,1,0,1,1,0,1,0,1,0,2,2,0
-49.126701985311286,0,2,2,2,2,1,1,1,2,0,1,2,1,1,1,2
-50.270028898643375,2,1,1,1,1,1,2,0,1,2,2,2,1,0,2,2
-61.5458249108423,2,2,2,2,2,0,2,1,2,2,1,0,1,1,2,0
-50.35349726712646,1,0,1,1,1,2,1,2,2,2,2,2,2,2,2,2
-65.15556777546,1,1,1,1,1,0,1,1,2,2,1,0,2,2,1,2
-55.45791493164558,1,1,2,1,1,2,1,2,1,1,2,2,1,1,2,1
-47.81995335617914,2,1,2,0,2,2,2,2,2,2,1,2,2,2,2,2
-45.205117186063674,1,1,2,2,2,2,2,1,2,0,1,1,2,0,2,2
-43.79132355639515,2,2,2,1,1,1,2,2,0,1,2,1,2,1,2,0
-47.15883875334498,2,2,0,1,1,1,2,1,2,2,2,1,1,0,1,2
-43.576119114041845,2,2,2,1,1,1,2,2,2,2,1,1,1,1,2,2
-54.63604592690668,1,1,1,1,1,0,1,2,2,1,1,1,2,1,1,2
-52.924270312488176,2,2,2,0,1,2,2,2,1,0,2,2,2,0,1,2
-46.8199260565043,2,2,2,2,2,2,2,2,0,1,1,1,1,2,1,2
-51.67536358906777,2,0,1,2,2,0,1,0,1,2,0,1,2,0,2,2
-54.65315241602089,1,1,2,1,2,2,2,1,2,2,1,2,2,2,1,1
-51.16071341635247,2,2,1,2,2,2,2,2,0,1,2,2,2,2,2,1
-52.182163711000776,1,1,2,0,1,2,0,2,0,2,2,2,1,2,2,2
-52.67497680038653,2,2,0,1,2,1,2,1,1,2,1,2,0,1,1,2
-54.12484228312831,1,2,2,0,1,2,2,0,1,2,1,2,1,2,1,2
-56.374968371306274,2,2,0,1,1,0,2,2,2,2,1,2,2,2,2,2
-45.56683871003149,1,1,2,0,1,1,2,0,2,1,1,1,2,0,1,2
-40.42375946298673,2,2,2,2,2,1,2,2,2,0,1,1,2,1,2,2
-58.25743107967666,1,2,1,1,2,2,2,2,1,2,2,0,1,0,2,2
-57.243325739888135,0,1,2,2,2,0,2,1,0,1,1,2,2,2,1,2
-61.22464819665473,2,1,1,2,2,0,1,1,0,1,0,2,0,1,1,1
-43.85295119551768,2,2,1,2,2,1,0,2,2,2,0,1,2,2,0,1
-51.24057890364277,1,2,2,2,1,2,1,2,2,0,1,2,2,1,0,1
-48.48101438565054,1,2,0,1,0,2,2,1,2,0,1,1,2,2,0,1
-42.51235644245355,1,2,2,1,2,1,2,0,1,1,2,1,2,2,2,0
-48.706641080732076,1,1,2,2,2,2,2,2,2,2,2,2,2,2,1,2
-53.51601249394661,0,2,0,1,2,2,0,1,2,2,2,2,0,2,2,2
-45.995603914058,2,2,2,1,2,2,2,2,1,1,0,1,2,2,0,2
-62.91537678085208,1,2,2,1,1,2,0,1,1,2,2,0,1,1,2,2
-52.935691093541955,2,2,2,2,1,1,2,2,0,2,2,0,2,2,0,1
-49.3794451469743,1,1,2,0,2,2,1,2,2,0,1,2,2,2,1,0
-55.4093312759519,1,2,1,1,2,2,0,1,1,2,2,2,0,1,2,2
-49.97517979927729,2,1,2,2,2,2,2,2,0,1,1,2,2,1,2,2
-52.08314022610777,1,1,1,2,1,2,2,1,1,1,2,2,2,2,2,0
-55.44544937846846,1,2,0,1,2,2,2,0,2,1,2,2,0,2,1,1
-59.72688141154021,2,2,1,1,1,0,1,0,1,1,2,2,2,2,2,1
-54.61454880704371,0,1,2,2,2,2,2,2,2,2,1,0,1,2,2,2
-48.46253192393003,2,1,0,1,1,1,1,2,2,2,2,2,2,2,1,2
-55.945282204757696,1,1,1,1,0,2,2,2,1,2,1,2,2,1,1,1
-42.5134911929393,1,2,1,2,0,1,2,2,1,2,0,1,2,1,2,0
-46.898755538419486,1,1,0,1,1,1,2,1,0,1,2,1,2,2,1,2
-65.15932654996344,1,2,0,1,1,2,0,1,2,1,1,0,1,2,0,1
-49.09767701266686,2,2,1,1,2,1,1,2,2,1,2,2,2,0,1,2
-48.577885003536835,2,1,2,0,1,1,1,1,1,0,1,2,2,1,2,0
-48.50920746653283,1,2,1,1,2,2,2,0,1,2,2,1,2,1,1,0
-54.441518525672855,2,2,2,1,1,0,2,1,1,2,0,1,2,0,2,2
-42.403894050090926,2,1,1,2,0,1,2,1,0,0,2,1,0,1,2,0
-53.94816111970925,1,1,0,1,2,2,2,2,2,1,1,2,2,0,1,2
-57.98237797136698,1,1,0,2,1,2,1,2,2,0,1,0,2,2,2,1
-46.46790722210211,1,2,2,2,1,1,1,2,2,1,0,2,2,1,2,2
-57.77473267072716,0,1,1,0,2,2,2,2,2,2,2,0,1,1,1,2
-55.55122891841161,1,1,2,2,0,1,2,2,1,2,1,0,1,0,1,2
-61.610813428453426,0,2,1,1,2,2,2,2,2,2,2,0,1,0,1,1
-49.239867561632906,0,1,2,2,2,2,1,2,2,2,1,2,2,1,0,1
-48.465882290774026,2,2,1,1,1,1,1,1,1,1,2,1,2,2,1,1
-46.150465528760606,1,1,1,1,0,1,2,2,2,2,1,2,2,2,2,2
-45.53630723900143,2,2,2,2,1,1,1,2,1,2,2,2,1,1,0,0
-46.138845046037375,2,2,0,2,1,1,0,1,2,2,1,1,1,1,2,2
-55.949436851239994,1,2,2,1,1,2,2,0,1,0,1,2,1,0,1,0
-47.29676126728222,1,1,2,1,2,1,1,0,1,1,1,2,2,2,2,2
-53.3650119585426,0,2,2,1,1,1,2,0,1,2,2,2,2,1,1,1
-53.978598624076284,1,0,1,1,2,2,1,0,2,1,2,2,0,1,1,2
-45.74780271194953,0,2,2,1,2,2,2,1,2,2,0,1,0,2,0,2
-57.383648134195376,1,2,0,1,1,0,1,2,0,1,2,2,1,2,2,0
-52.73455564039244,1,2,1,2,2,1,2,0,1,2,1,0,2,2,2,2
-59.61725820309436,0,1,1,1,2,2,2,0,2,2,1,0,1,2,2,1
-45.02025605902587,1,2,1,1,2,2,1,2,0,2,2,1,1,2,2,2
-51.311395061114254,2,2,0,2,0,1,0,1,2,2,1,2,1,2,2,1
-55.083611083375594,1,1,2,2,2,1,2,0,2,1,1,0,1,1,1,0
-43.99801654096514,1,2,2,1,1,1,2,2,2,2,2,1,1,2,0,1
-64.95639527165139,1,1,1,2,1,0,1,1,2,0,1,0,1,2,1,0
-54.2454268487446,0,1,2,1,1,2,2,2,1,2,2,2,2,1,1,2
-54.68071232966816,1,2,2,2,2,1,2,1,2,0,1,0,1,2,0,1
-53.670044643552,2,2,0,1,1,0,1,2,1,2,1,1,0,1,2,2
-53.26586885575346,2,2,0,1,2,1,2,0,1,2,2,0,2,2,0,2
-52.375709307116864,2,2,0,1,2,2,2,2,2,2,1,2,2,1,1,0
-58.34127350905328,2,2,1,2,1,2,2,2,2,2,2,0,1,2,0,1
-60.800591019963356,2,1,2,2,1,2,2,1,1,1,2,0,2,2,1,2
-44.829599974517755,1,2,2,2,2,2,2,1,2,1,2,1,1,2,2,2
-52.29591311576064,1,1,1,1,1,2,2,2,2,1,0,1,2,1,1,1
-45.60706024106182,1,2,1,2,1,1,0,2,1,2,0,1,1,2,2,0
-52.811026206150714,2,2,2,0,1,2,0,1,1,1,0,1,0,2,2,1
-56.08491793570334,2,0,1,2,1,0,1,2,2,2,1,1,1,0,1,1
-54.993485073282656,2,0,1,2,1,2,2,2,0,2,1,2,1,0,1,2
-57.93387630524783,1,2,2,1,2,2,1,0,1,2,1,0,1,1,2,2
-64.23927803889399,0,2,1,2,1,2,0,2,1,1,1,0,1,2,2,1
-56.340337971112206,1,2,2,2,1,0,1,0,2,2,2,2,1,0,1,2
-57.3254339882852,0,1,1,1,1,0,1,2,2,2,2,2,2,0,1,0
-48.387354286480715,1,2,2,2,2,2,2,2,2,1,2,2,2,1,2,2
-55.27586259845617,2,1,2,1,0,2,2,2,2,1,1,2,2,1,1,1
-50.575358127889025,2,2,2,2,2,2,2,1,0,1,1,2,2,1,2,2
-52.37416661090874,1,1,2,1,2,2,2,2,1,1,2,2,0,1,2,2
-47.898305671277335,1,1,1,1,2,2,2,2,2,2,1,1,1,0,1,0
-42.66467092951521,1,2,1,2,1,1,1,1,2,0,0,1,1,2,2,0
-59.92438719005411,1,0,1,2,1,0,1,0,2,2,2,2,1,0,1,1
-47.420876987542016,1,2,1,1,0,1,2,2,0,1,2,1,1,2,1,1
-46.76172124360608,2,0,1,2,1,1,1,2,2,2,2,2,1,2,2,2
-49.84386359847852,2,0,1,1,1,1,2,2,2,0,1,2,0,2,2,2
-46.76180392703172,1,2,2,1,2,2,2,2,2,1,2,1,2,2,1,2
-51.74266205277516,1,1,2,2,1,2,2,0,1,2,2,2,0,1,2,2
-46.33882081745169,1,0,1,2,2,2,2,1,1,2,0,1,1,2,0,0
-46.546296715024184,1,1,1,2,2,2,1,2,2,2,2,2,1,2,0,0
-65.60866677851314,2,1,0,1,1,2,0,0,1,1,1,0,1,2,2,1
-53.9985802548826,1,0,2,2,1,0,1,0,1,2,2,2,2,2,2,0
-45.42540553535188,2,2,1,2,0,1,1,2,0,2,2,2,1,0,2,2
-46.39768841475895,2,2,1,1,1,1,0,2,0,1,1,1,2,2,2,2
-52.47014061851098,2,1,0,1,1,2,2,0,2,0,1,2,2,2,2,2
-47.82548944989144,0,2,2,2,1,2,2,1,2,2,1,1,2,2,2,1
-46.73400134992289,2,2,1,1,0,1,2,2,0,0,1,2,2,2,2,2
-51.55041108220433,2,2,1,1,2,2,2,0,1,1,2,2,2,2,2,0
-57.109593718415304,1,2,1,2,1,0,1,2,2,0,1,2,2,1,0,1
-45.91045472951752,1,1,2,0,1,2,1,2,2,0,1,1,0,1,2,2
-51.32504287520191,0,2,1,2,1,0,2,2,2,1,0,1,2,2,2,2
-59.5021370518471,0,1,2,1,2,2,2,1,2,2,2,0,1,2,1,2
-46.31360580096679,2,2,2,0,1,2,2,2,2,2,2,1,0,1,0,1
-50.406954943546666,0,1,1,2,2,2,1,1,0,1,2,2,1,2,2,2
-50.31694003658583,2,1,0,1,1,1,2,0,1,1,1,2,2,2,2,0
-60.30177683629369,2,2,2,2,1,2,2,1,1,0,2,0,1,2,1,0
-46.012973344814526,1,1,2,2,2,2,2,2,2,2,2,1,2,2,1,1
-51.87231533303065,2,1,1,1,2,2,1,1,2,2,2,2,0,2,1,0
-55.46025463142636,0,2,1,0,1,0,2,2,1,0,1,1,1,0,1,2
-50.50521461706166,1,0,1,2,2,2,0,1,1,0,2,1,2,2,1,2
-51.529030373647295,2,1,0,2,2,2,0,2,1,1,2,1,2,2,1,1
-45.37174898491636,1,1,1,1,1,1,2,2,0,1,1,1,0,1,2,2
-41.88412834930481,2,2,0,2,1,1,1,1,2,2,0,1,2,2,2,2
-54.184960637621494,2,2,2,1,2,2,0,1,1,0,1,2,2,2,2,2
-53.2884955945621,0,1,2,0,1,1,2,1,0,2,1,0,2,2,2,2
-53.17041020789661,0,1,1,1,2,2,2,2,2,1,2,2,2,1,2,1
-58.3952614433739,2,2,2,1,1,2,1,2,1,0,2,0,1,2,2,2
-56.10797503592771,2,2,2,2,1,0,2,2,2,2,2,2,2,1,1,2
-53.12045480981331,1,1,1,0,2,2,1,2,2,2,2,0,2,2,2,2
-54.92238991863258,2,0,1,2,2,0,1,0,2,2,2,2,2,2,0,1
-47.85659353090663,1,0,2,1,2,1,2,1,2,2,2,2,0,1,2,2
-60.13630922481063,1,2,1,2,2,2,2,1,2,1,2,0,1,0,1,2
-47.79621158187651,1,1,2,2,1,1,1,2,0,1,2,2,2,2,2,1
-50.628273068427966,2,0,1,0,1,0,1,2,2,2,2,1,1,2,2,2
-57.21817588204946,1,0,1,1,2,2,2,2,2,2,0,0,1,2,2,2
-51.20403558876459,2,2,2,1,1,2,2,2,1,1,0,1,2,1,2,1
-49.45681328730591,1,1,1,2,1,2,2,0,1,0,2,1,1,2,2,1
-58.06019622832881,2,2,1,2,0,0,1,1,2,1,1,2,2,0,1,2
-42.66480138583936,1,2,2,2,2,2,2,2,2,1,2,1,2,2,2,2
-58.04202397653488,2,2,2,1,2,2,2,2,2,2,2,0,1,2,1,2
-56.62638214673068,0,2,0,1,1,2,2,0,1,1,1,2,2,2,1,2
-62.87049203037872,1,2,1,1,1,2,1,1,1,1,2,0,1,0,1,0
-57.145878161527655,2,2,1,1,1,0,1,2,2,2,2,2,2,2,2,1
-41.27973765329366,1,2,1,2,0,1,2,2,2,0,1,1,1,2,2,0
-50.58889452223555,1,2,1,2,2,2,2,2,2,1,2,2,2,2,2,1
-45.675961677207944,0,2,2,2,2,1,1,2,1,2,1,2,1,2,2,2
-61.74743788196686,1,2,2,0,1,2,0,1,1,1,2,0,1,2,2,2
-45.8180585735672,2,2,2,1,1,1,1,2,0,1,0,1,0,1,0,1
-56.04951885489628,1,1,1,1,2,2,2,1,2,2,1,2,2,0,1,1
-50.65539456082375,1,2,2,1,0,2,2,0,1,2,1,2,2,2,2,2
-58.48666158454845,1,2,0,1,1,0,1,1,2,2,0,2,2,2,1,0
-52.62650360734428,2,1,1,1,1,2,1,1,1,2,1,2,2,2,2,0
-43.75178697647847,1,0,1,2,0,1,2,2,2,2,0,1,0,1,1,0
-49.66957771949338,1,2,0,1,1,2,1,1,0,2,2,1,1,2,1,2
-44.57483981490528,1,0,2,1,1,1,2,1,0,1,2,1,0,2,2,2
-44.829296466756595,2,2,2,2,2,1,2,2,0,1,0,1,2,2,1,1
-60.09888015621025,1,0,1,2,2,0,1,2,0,1,2,0,2,2,0,2
-48.37170608264507,1,2,2,2,2,2,2,2,2,1,1,1,2,0,1,1
-47.80771943798022,2,2,0,1,2,1,1,2,1,1,2,2,1,2,0,2
-55.84473029471293,1,2,0,1,1,2,2,1,1,0,1,2,2,2,0,1
-55.56708607059994,0,1,2,2,2,2,2,0,1,1,2,0,2,2,2,0
-44.0047228300543,2,2,1,2,0,1,2,2,1,0,1,1,2,2,1,2
-40.15472630227457,1,2,2,2,0,1,1,1,0,1,2,1,2,2,2,2
-51.67030059998515,1,2,1,2,2,2,2,2,1,2,2,2,2,0,1,2
-60.68088833965455,1,1,1,0,1,0,1,2,2,2,2,0,1,2,2,0
-50.19331490784889,1,2,2,2,1,2,2,2,0,1,2,2,0,2,2,2
-53.882339487341994,1,1,0,1,0,2,2,2,2,2,0,2,2,2,1,1
-54.080647388189156,1,2,1,1,1,2,2,0,2,2,2,2,1,2,1,2
-48.77835733741193,1,2,1,1,2,1,2,2,2,2,2,2,1,1,1,0
-54.65086292412639,1,2,0,1,1,2,1,2,2,2,1,2,1,1,2,1
-52.3430616508299,1,1,1,1,2,0,1,2,2,2,2,1,0,1,1,2
-47.086394685239064,1,2,2,1,0,1,2,0,1,2,2,2,2,0,2,2
-54.4522271291578,2,2,2,1,1,2,1,1,1,2,1,2,2,2,1,2
-47.253475665664695,0,1,0,2,2,2,1,2,0,1,2,1,1,1,1,2
-49.61565898177336,1,2,2,1,1,2,1,1,2,1,2,1,1,2,2,1
-53.162502633793046,0,2,2,2,1,0,1,1,1,2,0,1,2,2,0,1
-56.12494952556758,2,0,1,1,1,2,2,1,2,1,2,2,0,2,1,0
-47.386065089695386,1,0,0,1,1,1,2,1,1,1,2,1,2,1,0,1
-50.9840250920557,2,2,1,2,2,2,0,1,2,2,2,1,0,2,1,1
-63.16706704936216,2,2,1,1,1,2,0,1,0,1,2,0,1,2,2,2
-58.30853116293514,1,0,2,1,1,2,2,2,2,2,2,0,1,1,2,2
-52.48363795526282,1,2,1,2,0,0,2,1,1,1,1,1,2,1,2,2
-47.099421241777726,1,2,1,1,1,1,2,2,1,1,2,1,0,1,1,0
-49.59483320470951,2,2,0,1,2,2,1,1,1,1,2,1,2,0,1,0
-50.496352223053904,1,1,0,1,2,1,2,2,2,1,2,2,1,0,1,2
-47.25035044099328,1,2,1,1,0,1,2,0,1,2,2,2,2,2,2,2
-48.14730175136177,2,2,2,1,2,1,1,2,2,1,2,2,2,0,2,1
-54.71206898728887,1,2,2,2,1,2,2,1,2,1,2,2,2,2,1,1
-45.716207800744215,1,1,0,1,1,1,1,2,2,2,2,2,2,2,2,0
-52.03523885371935,2,2,1,1,2,2,2,2,1,2,2,2,0,1,2,2
-55.49906992361344,1,1,2,2,2,0,1,2,2,1,0,2,2,0,1,0
-59.81508211992695,2,1,2,1,2,2,2,1,0,0,2,0,1,2,2,1
-49.62358080415975,2,2,1,2,2,2,2,2,2,0,1,2,1,2,2,0
-47.208897766353886,1,0,1,2,2,1,2,2,2,0,2,2,2,1,0,1
-42.57341742842799,2,1,1,2,0,1,2,2,2,2,0,1,0,2,1,0
-48.7428565444291,2,2,0,1,2,1,2,1,2,2,0,1,1,0,1,1
-48.20634303648915,0,1,2,1,2,2,2,2,2,1,0,1,0,1,0,1
-47.722682787562945,2,1,0,1,1,1,2,2,2,2,2,2,2,1,2,0
-47.11452803005798,1,1,1,0,1,1,2,2,2,1,1,2,2,2,2,2
-57.33505582628657,2,1,2,1,1,2,0,0,1,1,1,2,0,1,2,2
-53.43416176363252,1,2,2,1,2,2,0,1,2,2,2,2,0,1,2,2
-55.84334386110453,2,2,0,1,1,0,0,2,2,2,1,1,2,1,0,1
-48.884627227813695,1,0,1,1,1,2,2,2,2,2,0,1,2,2,0,1
-48.66593957170331,2,2,2,0,1,2,2,0,1,2,0,1,2,2,1,2
-48.21005934911923,2,2,2,1,2,1,2,2,1,1,2,2,1,1,0,2
-55.820885824803966,0,1,0,1,1,2,2,1,2,1,1,2,2,2,1,2
-53.9896179593513,1,2,1,2,2,2,0,2,2,0,1,2,0,1,0,1
-47.02542304536624,1,2,2,2,2,2,1,0,2,1,2,2,2,2,2,2
-53.0524286319498,1,2,2,0,1,2,1,2,1,0,1,2,0,2,2,1
-53.17445612330653,2,0,1,2,2,0,1,2,2,2,0,1,1,1,2,1
-43.84687854850287,2,2,2,1,0,1,1,1,2,2,0,1,2,0,1,0
-52.74601724803864,1,2,1,1,1,2,2,1,2,1,2,2,2,2,2,2
-58.55778279742007,1,2,1,0,1,1,2,2,2,1,1,0,1,2,1,1
-44.95398197960043,1,2,2,1,1,1,1,2,2,1,0,1,1,2,0,1
-54.09215993902217,0,2,0,1,2,2,1,1,1,2,1,2,2,2,2,1
-44.295351605725976,1,1,2,2,2,1,2,1,2,2,2,2,2,2,2,2
-61.16082086743771,1,2,2,2,1,0,2,0,2,2,1,0,1,2,2,0
-50.42442035728201,1,2,0,2,0,1,2,0,1,1,1,2,2,1,1,2
-46.3524867398049,2,2,2,2,1,2,2,2,1,2,2,1,1,1,2,2
-48.13912792626547,2,1,2,2,1,2,1,2,2,2,1,2,2,2,0,2
-55.18158691151982,1,2,1,0,1,1,1,1,2,2,2,0,0,1,1,2
-53.209327963751335,1,0,1,1,2,2,2,1,2,0,1,2,2,1,2,2
-55.869800051893314,1,2,2,1,1,2,0,1,1,0,1,1,1,2,1,1
-51.86433385683995,0,2,1,2,2,2,2,2,1,2,2,2,1,2,0,1
-49.95572141776969,1,2,1,1,0,1,2,1,1,1,1,2,2,0,2,0
-49.631589104050335,1,1,2,2,1,2,2,0,1,2,2,1,2,2,1,1
-60.779031876918665,2,2,2,1,1,2,2,2,0,1,2,0,1,2,0,1
-43.92765374367329,1,1,2,2,2,2,1,1,2,2,1,1,2,0,2,2
-48.53012853555094,2,2,0,1,0,1,2,1,2,2,2,2,2,2,0,1
-47.48649424714788,2,2,1,2,1,1,0,2,2,2,2,2,2,2,2,2
-50.896677679476284,2,1,2,1,1,2,1,2,0,1,0,1,1,1,2,1
-51.93250439975639,1,2,1,1,2,2,1,2,0,1,2,2,2,0,0,1
-56.919698407838176,1,1,1,0,1,1,1,1,2,1,1,0,1,2,2,1
-52.426792425576366,2,0,0,1,2,2,1,2,2,2,2,2,1,1,2,1
-55.0755097589809,1,2,2,1,2,2,2,2,2,1,2,2,1,1,1,1
-56.53664905846221,1,2,2,1,1,2,0,1,1,1,2,2,2,1,2,2
-47.818322946394545,1,2,2,0,1,2,1,2,2,1,2,1,1,0,1,2
-53.088879833594845,2,2,2,2,2,0,2,1,2,1,0,1,2,0,1,2
-50.60733816319377,2,2,0,1,2,2,1,1,2,2,2,2,2,1,2,2
-50.946322754011206,1,1,2,2,1,1,2,1,2,2,2,2,2,0,1,1
-48.56266404021067,2,2,0,1,1,1,2,2,0,1,2,2,2,2,2,2
-44.44770527656264,1,2,2,2,0,1,1,2,1,2,1,2,2,2,2,2
-48.835376768302,1,2,2,2,2,2,2,2,2,2,1,2,0,1,2,2
-52.093034571624436,0,1,1,2,2,2,2,2,2,1,1,2,1,2,0,1
-54.68324843391068,2,0,1,2,1,1,2,1,1,2,2,2,1,1,1,1
-52.67813209243147,2,0,1,1,1,2,2,0,1,2,2,2,2,2,0,2
-51.8773051599959,2,2,2,2,2,0,1,1,1,2,2,1,1,2,1,2
-50.28719526246303,2,1,1,2,2,2,1,2,2,2,2,2,1,2,1,2
-52.32619776478514,1,0,1,2,2,2,2,2,0,1,2,2,2,0,2,1
-51.53520357664466,2,2,0,1,2,2,2,2,0,2,2,2,0,2,0,1
-52.4378142722479,0,2,1,2,2,0,1,2,1,2,1,1,1,2,0,1
-51.790514475956606,2,2,2,2,1,2,2,2,1,2,1,2,1,0,2,2
-51.43976748883369,1,1,0,2,2,2,2,2,0,1,0,2,2,2,1,2
-50.79418823819427,0,1,2,2,2,2,0,1,2,2,1,2,2,2,2,0
-55.99334764065181,2,2,1,1,2,1,2,2,2,2,2,0,1,1,2,1
-49.360331752377384,1,0,2,2,2,2,2,0,1,2,2,2,2,1,2,2
-49.97082284752992,1,1,0,1,1,2,2,1,1,1,2,1,2,1,2,2
-49.80094452725116,2,2,2,2,1,1,2,0,1,2,2,2,1,1,0,1
-55.90226323370191,1,2,2,2,2,1,2,1,0,1,2,0,1,1,1,2
-42.5911779448857,1,1,2,1,0,1,1,1,0,1,1,1,1,2,0,2
-51.97847883940534,1,1,2,0,1,2,2,1,1,2,2,2,2,1,2,2
-46.05583475281657,1,2,2,2,2,1,1,1,2,1,2,2,2,2,1,0
-58.23004178187454,1,2,1,1,2,2,1,2,2,0,1,0,2,1,0,1
-48.048718660402,2,0,1,1,1,1,2,0,2,2,0,1,0,1,2,1
-43.168090397966616,1,2,2,2,2,2,2,1,2,2,2,1,0,2,2,2
-51.66146217368519,0,1,1,2,1,0,1,2,1,0,2,1,0,1,2,2
-50.38159806262598,1,2,1,1,1,1,1,1,2,2,1,2,1,2,1,0
-61.15107124791029,2,1,2,1,2,0,0,2,1,2,0,2,0,1,1,0
-48.38350516385548,1,2,1,2,2,2,2,2,2,1,2,2,2,2,2,2
-48.709317190888484,2,2,0,1,1,2,2,1,2,2,2,1,1,1,2,2
-52.88523741028229,1,0,1,1,1,1,2,1,1,1,2,2,2,2,1,2
-50.49185573749327,2,2,2,0,0,2,2,1,1,2,2,2,2,2,0,1
-51.74221875891088,2,2,1,2,2,1,2,1,2,2,1,2,1,1,1,1
-52.02990993724317,1,2,0,1,2,1,1,1,2,1,2,2,2,1,1,1
-39.5022048088036,2,1,2,2,2,1,2,2,2,2,2,1,2,1,2,2
-60.1540944953126,2,2,1,1,1,1,2,0,1,1,2,0,1,0,1,2
-59.980567877925104,1,1,2,0,1,1,0,0,1,1,2,0,1,1,2,1
-46.59013308181744,1,0,1,2,0,2,0,0,1,2,2,1,2,2,2,0
-47.634921424829386,1,1,2,2,2,2,1,2,2,2,2,2,0,1,2,2
-45.962384421563364,1,2,2,1,2,2,1,2,1,0,1,1,1,2,2,2
-57.01356160724352,2,2,2,1,1,2,2,2,1,2,1,2,2,0,1,1
-61.21650469684144,2,1,2,2,1,0,2,2,2,2,1,0,1,2,2,0
-50.51465802331664,1,1,1,1,2,1,2,1,2,2,1,2,2,0,1,2
-52.71416429407082,2,2,2,2,1,1,2,1,1,2,1,2,2,1,1,1
-47.99674318385812,2,2,2,2,1,1,2,2,0,2,1,2,2,2,1,2
-55.27256693480656,1,2,1,1,2,2,2,1,1,0,1,2,1,2,1,0
-59.34218458974154,1,2,1,1,2,0,1,2,0,1,2,2,0,1,2,1
-49.25194688084805,0,1,1,1,2,2,2,0,2,2,2,2,2,2,2,2
-47.1712133002992,0,1,2,0,1,1,2,1,2,2,2,2,2,1,2,2
-55.828960148895455,2,0,1,2,1,2,2,2,1,0,1,2,1,1,0,1
-55.46381529473159,2,2,2,1,1,0,1,2,2,1,0,2,2,1,0,0
-55.30544302874909,0,2,0,1,1,0,1,2,2,2,2,2,0,1,0,0
-47.27405021944659,1,2,2,2,1,2,2,2,2,2,0,1,1,2,1,2
-54.57870095896414,2,2,1,1,2,2,1,1,2,1,2,2,1,1,1,2
-43.58117800801864,1,2,2,1,2,1,2,2,2,2,1,1,1,2,2,1
-61.0922853872056,1,2,2,2,2,0,1,1,0,1,2,0,1,2,2,2
-60.938873243357484,0,1,1,1,2,2,1,2,1,0,2,0,0,2,1,1
-47.4803138888939,2,2,2,1,0,1,2,2,2,2,2,2,1,2,0,1
-50.602003424532974,1,2,0,1,1,2,2,0,2,2,1,1,1,0,1,2
-51.382173752788155,1,1,2,1,2,1,1,2,2,2,2,0,1,2,2,0
-53.139417490676564,2,1,2,1,1,1,2,2,2,0,2,0,2,2,2,2
-51.47386435961957,2,1,1,1,2,0,1,1,0,2,0,1,2,2,2,2
-60.51186334863515,2,2,1,2,2,1,0,1,0,1,2,0,1,2,1,1
-61.65170160768264,0,1,2,0,2,2,0,1,0,1,2,0,1,2,1,2
-55.62831332694382,0,1,1,2,2,2,2,1,2,1,1,2,2,0,1,1
-53.73918557148004,2,2,2,0,1,2,0,1,2,2,1,2,0,1,0,2
-57.21640545499739,2,2,2,1,2,1,2,1,0,1,2,0,1,2,1,2
-48.86993751784437,1,1,2,1,1,1,0,1,2,2,2,2,2,2,0,2
-54.78194970118115,1,0,2,0,1,0,2,0,1,2,1,1,0,1,1,2
-57.61316758436169,1,2,1,0,1,0,1,2,1,2,1,2,2,2,2,1
-62.99629517965334,1,1,1,1,2,0,1,0,1,2,1,0,2,1,2,0
-46.524090558106316,1,1,1,2,2,1,1,2,0,1,1,2,1,2,2,2
-49.71781941415984,1,2,2,1,2,2,1,2,2,1,2,2,2,1,2,2
-45.93072368886676,2,0,1,2,2,1,2,2,0,1,2,2,2,2,0,2
-52.13272798745451,2,2,2,2,1,0,1,1,1,1,1,1,2,1,2,0
-46.79593112517029,2,2,1,1,2,2,1,2,0,2,0,1,2,2,1,0
-56.26731888926144,1,2,1,1,2,2,2,2,0,1,2,2,0,1,1,1
-41.547894561420435,1,2,2,2,2,1,2,2,2,0,1,1,2,2,2,1
-55.95444732135724,2,2,1,1,1,2,2,2,1,1,1,2,0,2,0,1
-46.81885114821167,0,2,0,1,2,2,2,1,2,2,2,1,2,1,2,2
-48.213201251908345,1,1,0,0,1,2,2,1,1,0,2,1,1,1,2,2
-63.49316934048438,0,1,2,1,1,2,0,1,2,1,2,0,2,2,2,1
-53.30709569677851,2,0,1,1,2,1,1,2,2,2,2,0,1,2,2,2
-55.098874939535875,1,2,2,2,2,2,0,1,2,1,1,2,0,1,1,0
-47.303821190545165,1,1,1,0,0,1,2,2,1,2,2,2,2,1,0,1
-51.88049251277475,1,0,2,2,1,2,1,1,2,2,2,2,2,0,2,1
-45.23226796311258,2,1,1,1,2,2,2,2,2,2,2,1,1,2,2,2
-44.117287289945445,2,0,2,1,0,1,2,2,2,2,0,1,1,2,0,1
-51.670203580353444,1,1,2,1,1,1,0,1,1,2,2,2,1,2,2,2
-55.532305937089156,0,1,1,2,2,1,0,1,1,0,1,0,1,2,0,0
-49.991439888929705,1,1,1,1,1,1,1,0,1,0,2,2,2,1,0,1
-56.30752851295434,2,2,2,1,1,2,2,2,2,2,0,2,1,0,1,1
-45.73297439949573,1,2,2,1,2,1,1,0,1,2,2,1,2,1,1,1
-43.77479760702816,0,2,2,1,2,1,2,1,0,1,2,1,1,2,2,2
-49.52779852495451,2,2,1,0,1,1,2,2,2,1,2,2,2,0,1,2
-46.99166920911222,2,2,1,2,2,1,2,0,1,0,1,2,2,2,2,2
-40.56788364051024,2,2,2,2,0,1,1,1,1,2,2,1,0,1,0,2
-46.09082366024239,1,2,2,2,1,1,1,2,0,0,1,2,2,1,2,2
-52.057812525172274,2,0,1,1,1,1,2,1,2,2,1,2,2,2,1,2
-51.641860868535844,1,2,2,0,1,2,2,2,0,1,2,2,1,1,2,2
-47.494826518397595,2,2,2,1,1,1,1,0,1,1,0,1,1,0,1,2
-48.34835699305938,2,1,1,0,1,1,2,2,2,1,2,2,2,2,1,0
-46.744511046739774,2,2,1,2,0,1,1,2,2,2,2,2,1,2,2,1
-62.76705461832521,2,2,2,2,2,0,1,2,1,2,0,0,1,1,0,1
-47.00357962987721,2,1,1,2,2,2,0,2,2,2,0,1,2,1,2,2
-46.537132587802205,1,2,2,1,2,2,2,2,2,2,2,1,1,1,1,0
-46.68246725704312,1,1,1,1,2,2,2,2,1,2,1,1,0,1,0,2
-61.907926414710566,1,1,2,2,2,0,1,2,2,1,2,0,1,2,0,1
-53.45205507575037,2,2,0,1,1,2,1,2,0,2,2,2,2,1,1,2
-60.63596765988588,1,0,2,0,1,1,0,1,2,2,1,0,1,2,1,1
-46.98355421076527,2,2,2,2,2,1,1,0,1,2,2,2,2,1,2,1
-49.52333378062596,2,2,1,2,2,2,0,1,0,1,1,1,0,1,2,2
-60.347531493715046,0,2,2,1,0,1,0,1,1,1,2,0,1,2,2,1
-51.651632835445945,1,1,0,1,1,2,2,2,1,0,1,1,1,1,2,1
-49.53020964945098,2,1,2,1,2,2,2,2,0,2,0,2,2,2,2,2
-51.11969458621782,1,2,0,1,1,1,2,2,2,1,2,2,2,1,2,1
-61.1939318155934,1,2,1,1,2,0,0,1,1,0,2,2,2,2,1,2
-46.23074693049896,1,0,2,2,0,1,1,1,0,1,2,2,1,2,2,2
-45.24169395950649,0,1,2,1,2,2,2,2,0,1,2,1,2,2,2,2
-49.66262685062916,1,1,2,2,1,2,1,0,1,0,1,1,2,2,1,1
-51.11195506986004,2,2,1,2,2,2,2,2,2,2,1,2,0,2,1,2
-56.43100230914642,1,1,1,1,2,2,2,2,2,1,2,0,2,2,2,2
-50.560109277835956,0,1,1,1,1,2,1,1,2,1,0,1,0,2,2,1
-57.817537513595305,1,1,2,1,1,2,2,0,2,1,2,0,2,2,2,2
-49.99951820016471,1,2,2,2,1,2,1,0,1,2,2,2,1,2,2,2
-52.23374466642439,2,2,1,2,1,1,2,0,1,1,1,2,1,2,2,1
-50.23530800151339,0,2,1,0,0,1,0,1,2,1,2,2,1,1,2,2
-51.10338409764783,0,1,2,2,1,2,2,1,2,2,2,2,1,0,2,2
-41.44094897657804,1,1,2,1,2,1,2,2,2,0,2,1,2,1,2,2
-50.67459759116341,0,1,1,1,2,1,2,2,1,2,1,2,2,0,1,2
-44.17357168067834,2,2,2,2,0,1,2,2,1,1,1,1,0,1,0,1
-54.21901319742459,2,2,0,2,1,0,1,2,2,2,2,2,1,2,2,2
-52.344288578425086,1,2,2,0,1,1,0,2,2,2,2,2,0,1,1,1
-47.00931574331618,2,1,2,2,2,2,2,1,1,2,0,1,1,0,2,2
-50.05528721388449,1,2,1,1,1,1,0,1,1,1,1,1,2,2,1,2
-48.22968561425496,2,2,2,2,2,2,2,1,2,2,0,2,2,2,2,0
-50.8281449011178,2,2,1,1,2,2,2,0,1,2,2,2,2,2,2,2
-47.86970833378886,2,2,1,0,2,1,2,1,2,2,2,2,0,2,2,1
-48.40498057888501,1,1,2,2,1,1,2,2,1,0,2,2,2,2,2,1
-58.863047751977945,2,2,1,2,0,2,0,1,1,2,2,0,2,2,2,2
-47.87436573615894,1,2,0,1,2,2,1,2,2,1,2,1,2,1,2,1
-46.25907636019358,0,2,2,1,2,1,2,2,0,1,2,1,2,2,1,1
-49.84637043502568,1,0,1,1,1,1,2,2,1,1,0,1,2,2,1,1
-47.586659678382695,2,2,2,2,2,2,1,0,1,2,2,1,2,1,1,1
-47.402813029008875,2,2,1,1,1,1,1,2,0,2,2,1,1,1,1,1
-46.61731380814713,1,1,2,1,2,1,2,1,0,2,2,1,2,0,1,1
-47.626472966232065,2,2,2,2,0,1,2,1,2,2,2,2,2,1,2,1
-48.548373905405185,2,0,1,2,2,2,2,2,1,0,1,1,0,2,1,2
-52.683925601302874,0,2,1,1,2,0,1,0,1,0,1,1,2,1,2,0
-49.748571675129966,1,2,2,2,1,1,1,2,1,1,1,2,1,2,1,2
-45.474997444029185,2,2,2,2,1,1,2,2,2,2,2,2,2,1,2,2
-57.159053570784664,0,2,2,2,2,2,2,1,0,1,1,0,1,2,2,2
-44.50080080112596,1,0,2,1,0,1,0,1,2,2,1,1,1,2,0,2
-53.329178106812016,1,1,1,0,1,2,1,0,1,0,1,2,2,2,1,2
-53.45589604347778,2,2,2,2,2,2,0,1,2,1,2,2,2,2,2,1
-45.994854021748345,2,1,0,1,0,1,2,2,1,1,2,1,1,2,0,1
-57.01362921148314,1,1,1,1,2,1,1,0,1,1,2,0,1,2,2,1
-52.81505638825312,2,2,0,1,1,2,2,2,1,2,2,2,2,1,2,2
-55.93731214180492,2,1,2,1,1,2,2,1,2,2,1,2,1,1,1,2
-47.315763950502166,2,2,2,2,2,2,2,2,2,2,2,2,2,1,2,2
-47.37001632982331,1,1,1,1,2,1,1,2,2,2,0,2,1,1,2,2
-47.643718842440215,2,2,2,2,1,1,0,1,1,1,0,1,1,1,2,2
-49.990234279207286,0,1,2,1,2,2,1,0,1,2,2,2,2,0,2,2
-49.124696307060574,1,2,2,2,2,2,1,2,0,1,2,2,0,1,2,2
-54.181127305412325,2,2,2,2,1,0,1,2,2,2,0,1,0,1,1,1
-41.5320131499385,0,1,1,0,1,1,2,2,2,2,2,1,1,2,2,2
-58.562131013100206,0,2,2,2,1,1,2,2,1,2,2,0,1,1,1,1
-53.99524305979033,2,1,2,1,2,2,2,2,1,0,1,2,2,1,1,2
-44.40795497740956,1,2,0,1,2,2,1,2,2,2,2,1,2,1,2,0
-53.937287968509544,1,1,2,1,2,2,1,2,0,1,0,2,0,1,2,1
-52.49103871794744,1,2,1,0,1,0,2,2,2,1,0,1,2,2,0,1
-57.950862309378614,1,2,1,1,1,1,0,1,1,1,2,2,1,1,1,1
-51.64108953888646,2,1,2,2,1,2,2,2,2,2,0,2,2,1,0,1
-48.97024888095563,2,2,2,0,1,2,1,2,2,1,2,2,2,2,2,2
-55.14217297968403,1,1,0,2,1,2,1,1,2,2,2,2,1,0,1,1
-44.210654288806346,1,1,2,2,2,1,0,1,2,2,2,1,2,0,1,0
-46.02385512101226,2,2,2,2,2,2,1,0,1,2,2,1,0,1,1,2
-54.93963495876336,2,2,1,1,1,2,2,1,1,0,2,2,0,1,2,2
-53.57885928939199,1,0,1,0,1,2,1,2,2,0,1,2,0,1,0,1
-49.027329387387915,1,2,1,1,1,2,1,2,0,1,2,1,2,2,1,2
-47.856200097610774,1,1,2,2,2,2,0,1,2,1,0,1,1,2,2,0
-48.10578471931585,0,1,2,1,1,1,2,0,1,2,0,1,1,1,1,2
-57.34485209405635,2,2,2,2,2,1,2,2,1,1,2,0,1,2,1,1
-52.55038227849772,0,1,1,1,2,2,1,1,0,2,2,2,2,0,2,1
-46.91750124971981,1,2,1,2,0,1,2,1,2,0,1,2,2,2,2,2
-67.09337481994721,2,2,2,0,1,0,1,1,2,1,0,0,1,2,1,1
-54.56217969623128,2,2,2,1,2,2,2,2,1,2,2,2,2,1,1,1
-55.937349738866345,1,1,1,2,0,1,2,0,1,2,2,0,1,2,1,2
-50.74630972361823,1,1,1,2,2,1,2,1,1,0,1,2,1,0,1,0
-55.099666922745804,2,0,1,1,0,2,0,2,2,1,2,2,0,1,2,2
-54.760505189343064,2,2,2,0,1,2,2,2,2,1,2,2,1,2,1,1
-45.63650936186477,2,2,1,2,0,1,2,2,2,0,1,2,2,2,2,2
-63.56151867937592,1,1,0,1,2,2,1,1,1,1,2,0,0,1,1,1
-40.678268188916796,1,2,2,2,2,1,2,0,0,1,2,1,1,2,2,2
-56.276533167555314,2,2,2,2,1,2,2,2,0,1,1,0,2,2,2,0
-48.876915305965184,2,0,1,2,1,2,2,2,0,2,2,1,2,0,1,2
-56.96748281653708,0,2,2,2,2,0,1,1,0,1,2,2,0,1,0,1
-47.08234398424261,1,2,2,2,0,1,1,1,1,2,1,2,2,2,1,0
-53.91408174788559,1,1,1,2,2,2,0,2,2,1,2,2,2,0,1,2
-55.36919488482081,2,0,1,2,2,2,1,1,2,2,2,0,2,2,2,2
-48.66525249633627,1,2,1,0,2,1,2,2,2,1,2,2,1,1,1,2
-48.148286785530246,1,2,2,2,0,1,0,1,0,1,2,1,1,2,1,1
-40.951221218752394,1,2,1,2,2,1,1,2,2,1,0,1,2,1,2,0
-49.806569256209045,0,1,2,2,2,2,2,1,0,2,1,2,1,2,2,2
-64.89177113705516,2,2,2,1,1,0,1,1,1,2,2,0,1,1,2,2
-51.64104770556401,1,2,2,1,2,0,2,2,2,0,1,1,2,2,0,1
-40.05381570830613,2,2,2,2,1,1,1,2,1,2,0,1,2,2,0,0
-45.01375483868731,1,1,0,1,2,1,2,1,2,2,2,1,2,1,1,2
-56.99201277179358,0,2,2,2,1,0,2,0,2,2,2,2,1,2,2,1
-49.828908782752656,0,2,0,0,1,2,2,2,2,2,1,2,2,0,2,0
-51.91383022531483,1,2,1,1,1,2,2,1,2,1,1,1,0,1,1,2
-53.88276702964061,2,2,1,1,2,0,1,1,1,2,0,1,0,1,2,2
-49.82110349976723,1,1,2,2,1,2,2,2,2,2,1,2,1,2,2,0
-50.24541669345697,1,2,1,2,2,2,2,0,2,2,1,2,2,2,0,1
-50.184572839268576,2,2,1,1,2,1,1,2,1,2,0,2,2,1,1,2
-48.65244577293281,1,2,2,0,1,2,1,2,1,1,2,1,0,1,1,2
-46.902972381960886,1,2,1,1,2,1,2,2,2,2,1,2,0,0,2,0
-49.82705963281116,2,2,2,2,1,1,0,1,1,2,2,1,1,1,1,1
-46.11182951909057,2,1,2,1,0,1,2,1,2,0,0,1,0,1,2,1
-42.36353063865491,1,2,2,1,2,1,1,2,1,0,1,1,2,1,2,2
-53.31586298176193,0,1,1,2,2,2,2,2,2,2,1,2,2,0,1,1
-44.49220024726314,1,1,1,2,2,2,1,1,2,2,2,1,0,1,2,2
-61.00209017359096,1,2,2,1,1,0,2,1,0,1,1,2,2,0,1,2
-57.738981890913934,0,2,2,0,1,0,2,2,2,2,2,2,2,2,1,1
-47.89257923542466,1,1,1,2,2,1,2,2,2,2,0,2,1,2,2,1
-52.74746212476291,1,1,1,0,1,2,2,2,1,0,2,2,2,2,1,2
-45.95413529334857,2,1,2,1,2,1,2,1,0,1,2,1,1,2,1,2
-56.60756232165483,2,1,1,0,1,0,1,2,2,1,2,2,2,2,0,1
-49.625573037875114,2,1,2,1,2,2,2,2,2,2,1,1,2,0,1,1
-56.35305028852692,1,2,1,0,1,2,2,2,2,0,1,0,2,1,0,2
-57.293910238453755,1,2,1,1,1,1,1,0,1,2,2,0,1,2,2,1
-44.89528900345105,1,2,2,2,2,2,2,2,1,2,0,1,2,1,2,2
-46.40997093259155,2,2,1,1,1,2,1,0,1,2,2,1,2,2,2,0
-52.581377376026744,0,1,2,2,0,1,1,2,2,1,1,0,1,1,2,2
-49.20077497609046,0,1,2,1,2,2,1,2,2,2,1,1,0,1,1,1
-58.77467973245888,2,2,0,1,2,2,1,2,1,1,1,0,1,2,2,2
-48.02407936465534,2,2,2,2,2,2,2,2,2,2,2,2,0,1,2,2
-47.971554390006624,2,2,1,2,2,1,2,2,2,2,1,2,1,2,2,1
-50.595555825633475,2,2,1,0,1,2,0,1,0,1,0,1,2,1,2,0
-46.39505943301841,0,1,2,2,2,1,2,1,0,1,2,2,2,0,2,2
-49.94536105287752,2,1,0,1,2,2,2,2,2,2,1,2,2,2,2,2
-49.50303256002813,1,1,2,2,0,1,2,2,1,1,1,2,2,0,1,2
-48.36668687093834,1,2,2,1,1,2,1,2,2,2,0,1,1,2,2,1
-53.30749290892932,1,1,1,0,1,1,2,2,2,2,1,0,1,2,2,2
-46.35500754831602,0,1,2,1,0,1,2,2,2,1,2,1,2,0,1,1
-55.61621852539494,1,1,0,1,2,2,1,2,1,2,1,2,2,0,1,1
-46.94250737671681,1,0,1,1,2,2,2,2,2,2,2,1,2,2,1,2
-57.338829639867264,1,1,0,1,1,2,0,1,2,0,1,2,2,2,0,1
-55.82364348839303,2,1,0,1,2,0,0,1,1,1,0,1,2,2,2,2
-51.109347677894405,0,2,1,0,2,0,1,2,2,1,2,1,2,1,0,1
-54.01330077843719,1,1,0,1,2,2,2,1,1,2,1,2,0,1,2,2
-46.23208679235408,1,2,2,0,1,2,2,2,1,1,1,1,2,2,2,2
-46.1434746943155,2,1,2,0,1,1,1,2,2,2,2,2,2,2,0,1
-45.946888651037135,2,2,2,1,0,1,2,0,1,2,0,1,2,1,2,1
-43.724893655430286,1,1,1,2,0,1,1,1,2,2,0,1,0,1,1,0
-56.76307731772171,2,2,2,1,2,1,2,1,1,0,1,0,2,2,2,1
-51.63660400502854,1,2,2,2,2,2,2,1,2,2,1,2,1,2,1,2
-55.91530479484404,2,2,2,2,2,0,2,1,2,1,2,2,1,1,2,2
-58.67458854409192,1,2,2,1,1,1,2,1,2,1,1,0,0,1,1,2
-54.9662971276115,1,2,2,2,2,0,1,2,2,0,1,2,2,0,1,0
-46.28357465304438,2,1,0,1,2,1,1,1,0,2,2,2,2,2,2,2
-44.946398980070605,1,2,2,2,2,2,2,1,2,2,0,1,0,1,2,0
-58.261771494781826,1,1,0,1,2,1,2,0,2,2,2,0,1,0,1,1
-53.046701604939734,2,2,1,1,1,2,1,0,1,1,1,2,2,2,2,2
-45.75464212407052,2,2,2,2,2,1,2,1,2,0,1,2,2,2,2,2
-51.78118761493712,1,1,0,1,1,2,0,1,1,2,1,1,2,0,2,0
-61.13345237557653,1,2,1,2,2,0,1,0,1,2,2,0,1,2,2,2
-59.80708994160183,2,0,2,1,1,2,2,2,2,2,2,0,1,2,0,1
-57.77331918945756,1,2,1,2,1,1,1,2,2,1,0,0,1,2,1,1
-47.65716201912396,2,2,1,2,2,2,1,2,2,2,1,2,2,2,2,2
-55.10223343142693,1,2,0,1,0,1,2,2,2,2,2,0,0,1,2,1
-61.24919961007048,1,0,1,1,2,0,1,1,1,1,1,2,2,1,2,1
-51.521818829259225,1,1,2,1,2,2,2,2,1,2,0,1,1,0,1,1
-50.13228337728048,1,2,1,1,0,1,2,1,1,2,2,2,2,2,1,2
-41.475986449884395,2,2,2,2,2,1,2,0,2,2,2,1,1,2,0,1
-43.41771397825067,1,2,2,2,1,1,0,2,2,2,2,1,1,1,2,2
-49.428934618762824,1,2,1,1,0,1,2,2,2,1,1,2,2,2,2,1
-57.247948344214905,0,1,0,1,2,0,2,2,2,1,1,2,1,2,2,2
-55.04560202701747,1,2,2,0,1,0,2,2,1,2,1,2,2,2,2,0
-65.28656361177615,1,2,2,1,1,2,0,1,2,2,2,0,1,2,1,1
-47.73068397870085,1,2,1,1,1,2,2,2,0,1,1,1,2,2,2,2
-49.31550941703462,0,1,1,2,1,2,0,1,2,2,1,1,0,1,0,2
-55.52607107752187,1,1,1,2,2,0,2,1,1,2,2,2,2,0,2,0
-60.841243996227256,1,1,2,1,2,0,1,2,2,1,1,2,0,1,1,1
-52.91149184265496,0,2,1,1,0,1,0,2,2,1,2,2,1,0,1,2
-51.4700071024584,0,2,2,1,1,1,0,2,2,1,2,2,0,1,2,2
-49.66699909749662,1,1,2,2,0,1,2,1,0,1,0,2,2,1,1,2
-45.26821595519303,1,2,1,2,1,1,2,2,0,1,2,1,2,1,1,2
-59.23029107270276,1,2,1,1,1,0,2,0,1,2,2,2,1,1,2,2
-55.48325841915382,2,0,1,1,1,2,1,2,2,2,1,2,0,1,1,2
-56.62704716676192,1,0,1,0,1,2,2,1,1,2,1,2,0,1,1,2
-44.144151555521304,2,2,2,2,1,1,2,1,2,2,2,1,1,1,0,1
-52.110760242278594,2,2,1,1,1,2,1,2,2,2,2,2,2,2,1,2
-48.60210844047181,1,2,0,1,2,2,2,1,1,0,1,1,2,1,2,2
-50.783035238650186,0,1,2,1,0,2,2,2,0,1,0,1,2,1,1,1
-43.00539284555685,0,2,1,2,2,1,2,1,1,2,0,1,2,2,2,2
-48.535902429932776,1,2,2,1,1,1,2,2,2,0,1,2,1,2,2,2
-49.14664851724795,2,2,2,2,2,0,1,0,2,1,1,1,1,2,2,2
-56.734485035868424,1,2,0,1,2,2,1,2,2,2,2,0,1,1,2,2
-52.3924958126657,1,1,2,2,2,2,0,1,2,2,2,2,2,2,1,2
-46.900319807272965,2,2,2,0,1,1,2,2,2,2,2,2,2,2,1,2
-42.019599693185064,1,2,1,0,1,1,2,2,2,1,1,1,2,2,2,2
-47.811299131108726,2,2,2,0,1,2,2,2,2,2,1,1,1,1,1,2
-54.853460773292554,2,2,1,2,1,2,1,1,2,2,2,2,1,2,1,1
-47.94448132783524,2,2,2,2,1,2,2,1,2,2,0,1,2,2,1,2
-47.9172447878858,2,2,2,1,0,2,2,1,2,2,1,1,1,2,1,0
-52.21284849920028,1,2,2,0,1,2,1,1,1,2,2,2,2,2,1,2
-49.06861157590535,1,2,2,2,2,1,2,1,1,2,2,2,0,1,1,2
-48.84509975111613,1,0,2,2,0,2,2,2,2,2,2,2,2,2,2,1
-42.942247470025585,0,2,2,2,0,1,2,1,2,1,2,1,2,2,0,1
-48.88286464335547,2,1,1,1,2,1,0,1,1,2,0,1,2,0,1,0
-58.00862760574982,2,2,1,2,1,0,1,2,2,2,1,2,1,0,2,1
-49.42479486610772,0,1,0,1,1,1,2,2,2,2,1,2,2,2,0,1
-43.82850325252756,1,1,0,1,0,2,2,2,2,2,2,1,1,2,0,0
-51.30363494333296,1,2,0,1,2,2,2,2,2,0,1,2,2,1,2,2
-45.44618812726289,2,2,2,2,2,2,1,2,2,2,1,1,0,1,2,1
-52.80933671280893,1,1,1,1,1,2,2,0,1,2,2,2,2,0,2,2
-54.01191339889905,2,2,2,2,2,0,1,1,2,2,2,2,2,2,0,1
-50.42211413398374,0,1,1,2,1,2,2,2,2,0,1,2,2,2,2,2
-42.7889876231613,1,2,2,2,2,2,2,0,0,1,2,1,0,1,0,0
-56.5597253223834,1,1,1,1,2,2,0,1,2,2,1,2,1,2,2,1
-43.8601265018437,1,2,2,1,1,1,1,2,2,2,1,1,0,2,2,1
-50.850278324456895,2,1,2,2,0,2,2,0,1,1,2,2,1,2,2,2
-46.80421822077566,2,2,1,1,2,1,1,0,2,1,0,2,2,2,2,2
-59.239332605851466,1,2,2,2,1,0,2,1,1,2,2,2,0,1,1,2
-52.614763434152,2,2,2,1,2,2,1,2,1,1,0,2,1,1,2,2
-53.15009081029367,1,2,1,1,2,2,1,2,2,0,1,2,1,1,0,1
-50.64754655089609,0,1,1,2,1,0,1,2,0,1,1,1,2,2,2,0
-50.17899654374579,2,2,2,1,2,1,0,2,2,2,2,2,1,1,1,0
-55.09663452344392,1,1,1,1,1,0,1,2,1,1,1,1,0,2,0,1
-48.507417448247914,1,2,2,2,2,2,2,0,2,2,1,2,2,1,2,2
-40.75352197010847,2,2,0,2,2,1,2,2,2,2,2,1,2,2,0,1
-50.30093194725493,1,2,1,1,2,0,2,2,2,0,0,1,2,2,2,2
-46.89566737783837,2,2,1,0,1,1,1,2,1,2,2,2,1,2,2,2
-54.43408506001282,2,1,2,0,1,0,2,2,2,2,2,2,2,1,2,0
-52.237952827483866,2,2,2,2,2,1,2,2,0,1,2,0,1,2,2,2
-48.422074072994796,2,0,1,2,2,1,2,1,2,2,2,2,2,2,1,2
-47.56760408085375,1,2,1,1,2,2,1,1,0,2,2,1,2,0,1,0
-50.95510997627215,1,2,2,0,1,1,2,1,1,2,1,2,2,0,1,2
-50.11360685845705,2,1,1,1,2,1,2,2,1,1,2,2,2,2,2,1
-44.36898278062022,0,2,2,2,2,1,2,1,1,2,2,1,0,1,1,2
-53.81881871766644,1,2,2,1,1,2,1,0,1,2,1,2,2,1,0,1
-53.98304115869208,1,1,0,1,1,0,1,1,2,1,0,1,2,1,2,2
-45.5135240262543,0,1,1,0,1,2,1,1,2,2,2,1,1,0,0,2
-44.766906539331494,1,1,2,0,2,2,1,1,1,2,2,1,2,1,2,2
-53.09798567600744,2,2,1,2,2,2,2,2,2,2,2,2,0,1,1,1
-47.14814619683654,1,0,2,2,1,2,2,0,1,2,1,1,2,1,2,2
-44.838025518314055,2,2,1,2,2,2,2,1,2,2,2,1,1,2,2,2
-54.48674160047892,1,2,0,1,2,0,1,1,1,0,2,1,1,2,0,1
-45.25487912959205,2,0,2,2,2,1,0,1,1,2,0,1,1,2,2,2
-49.85371462723679,1,1,0,1,2,2,2,0,1,1,0,1,2,2,2,1
-57.814373214047436,2,2,2,1,1,2,0,1,1,2,2,2,0,0,1,2
-46.038541777489876,1,2,2,2,1,2,2,2,1,1,0,1,2,2,2,0
-49.34908556841888,1,2,0,2,0,1,2,1,2,1,2,2,2,1,1,2
-54.802721558921604,2,1,2,0,1,1,1,1,2,0,1,0,1,0,2,2
-50.572021292388555,1,1,1,1,2,2,1,2,1,1,2,2,2,2,2,2
-55.23624649530377,0,1,2,2,2,0,1,2,0,1,2,2,2,2,2,1
-43.75900417861483,1,2,1,0,1,1,2,0,1,1,1,1,2,2,2,2
-47.306871670069334,1,2,1,1,2,1,2,0,1,2,2,2,2,2,2,2
-38.472059656457404,1,2,2,0,2,1,1,2,2,1,2,1,2,2,2,0
-50.15736656301714,1,2,1,1,1,2,1,2,0,1,2,1,0,1,1,2
-44.036167837539296,1,2,1,1,1,1,2,1,2,2,2,1,1,2,2,2
-43.16270173985275,1,2,2,0,2,1,2,0,2,1,0,1,0,1,0,1
-56.28858437778686,1,1,1,1,0,1,1,0,1,2,1,0,2,0,1,2
-47.56842626018967,1,2,2,2,2,2,1,2,1,2,1,2,2,2,2,0
-45.82373411042757,2,2,2,2,1,2,2,0,2,0,1,1,2,1,2,0
-44.94591424389475,1,2,2,2,2,2,2,2,1,2,1,1,0,1,2,2
-49.563801139428094,1,1,1,0,1,2,0,1,2,2,2,1,1,1,2,2
-49.75446408541451,1,1,1,0,1,1,1,1,2,2,1,2,1,1,1,0
-52.34218928998162,1,1,2,1,2,2,2,2,0,2,2,2,1,0,1,2
-42.920899854611314,2,2,2,2,2,1,1,2,1,1,2,1,1,2,1,2
-50.32611674692817,1,0,1,1,2,1,2,2,2,1,1,2,2,1,1,0
-53.24859940665076,1,0,1,1,1,2,2,2,1,2,2,2,2,1,2,2
-56.73163198854618,2,2,1,1,2,0,2,2,2,0,1,2,2,1,2,2
-47.88352867799769,2,2,2,1,2,2,1,2,2,0,2,2,2,2,2,0
-51.11343302010878,0,1,1,1,0,1,2,1,0,1,2,2,2,0,1,2
-53.911609089844696,2,1,2,0,1,0,1,2,0,1,0,1,2,0,1,2
-48.811546375659,1,2,1,2,2,2,2,2,2,2,1,2,2,1,2,0
-41.85126448168344,2,1,1,0,1,1,1,2,2,2,2,1,2,2,0,1
-43.92657789342782,1,1,2,2,1,1,0,1,2,2,1,1,2,2,2,2
-40.84835380037158,1,2,1,1,2,1,2,2,2,0,2,1,2,2,2,0
-47.89977311852673,2,1,2,2,2,2,1,2,2,2,2,2,0,1,2,2
-43.528103438036254,1,1,2,1,2,1,2,1,0,0,0,1,1,0,2,2
-48.9941347469141,1,0,1,1,2,2,2,1,2,2,2,1,2,1,1,2
-49.178632807216005,1,2,2,1,2,2,1,1,1,0,1,1,1,2,2,1
-50.46514988768805,2,2,2,1,1,1,1,2,2,1,2,2,1,1,2,1
-48.148248547600296,0,0,1,0,2,2,2,1,0,1,2,1,2,2,1,2
-52.884454310984,2,2,2,1,1,2,2,1,0,1,1,1,0,2,1,1
-50.720755015490255,1,2,1,1,2,1,2,2,1,2,0,2,2,0,1,2
-49.149756164983685,0,1,0,2,2,2,2,2,2,1,2,2,1,2,2,0
-55.00125691393015,2,1,1,1,2,2,1,0,1,1,2,2,1,1,2,1
-60.02988485137628,2,2,0,1,2,2,1,0,1,0,2,0,1,2,2,1
-47.193638503920575,0,1,0,1,2,2,2,1,2,2,2,1,1,1,2,2
-56.73245980636054,0,2,1,2,2,0,2,2,1,0,2,2,2,2,2,1