-48.02965818552068,0.14804040639305527,-0.20616744372253193,-0.15018735831871988,-0.5795514834552908
-47.77871443719244,0.01898299342982407
-54.62559645726403,-0.15103493105891008
-54.44720654010018,-0.1377698837675223,-0.00389729071527449
-54.73762450820144,-0.15591055490059869
-56.06597988019805,-0.21570265707939207
-46.87077114222595,0.039668255264516214,-0.00254942058284717
-50.28803428343556,-0.029747211918586508
-52.04233896011705,-0.05170853595287329,-0.018834103182758404
-51.063113503599446,-0.04393751166344524
-53.20415603913693,-0.08985435883075818
-51.92754237199719,-0.05952783518976959
-51.14098371899717,-0.003921623312431795,-0.2127149885483195
-53.66483529058158,-0.015597139175718921,0.03956441208299982,0.09540646448388113,-0.05693198771882932,-0.47966747428330375
-53.903604968902,-0.10778959745342886,-0.4185643946460022,0.1927792192141651,0.5926404319765425
-54.886142885272,0.10484175571952681,-0.07162674366926852,-0.5274405724613724
-51.403391392244906,-0.050100645822319954
-49.59884212737581,-0.016917004316959826
-59.80801675107355,-0.42525415287859575
-53.652256638739836,-0.10914925514003793
-54.10284988148442,-0.1284750751191867
-53.6444937596694,0.01918559310740836,-0.038908572401830904,-0.2587729720625311
-57.575316136734244,-0.2907274056853941
-53.55873019814709,-0.10513495693580241
-51.8455341937226,-0.009791850597931036,-0.38466077919160313
-53.36150996499127,-0.08779042676749925,-0.047022928797916835,0.0816781723888203,-0.2508867221729597,0.21222450361289102
-55.18717533781241,-0.2753577702472436,-0.10498789945573833,0.9745262218123486
-51.57735228378776,-0.05323780929387388
-48.367963240175335,0.00689069622474861
-56.37320585929287,-0.1798065609808824,-0.04671958070608462
-51.78685264291723,-0.06782137450638637,-0.16304052841443567,0.23050568902543084
-55.611558795347136,0.06612231848116287,-0.0613342466873516,-0.3543657469297889,-0.37023877887817475
-52.936209171472505,-0.07819075718159905
-50.62339550000801,0.0682135086459473,-0.38919089847195604,-0.2628767198140627,0.7418733870600775
-53.04708212339335,-0.08303334296186818
-53.620407367286155,-0.10778267988475368
-49.853606370203664,0.0119745474961728,-0.10210048492080082
-54.130210301037096,-0.13950019292138907,0.10931816920188034,0.4601963179782888
-53.27232667695585,-0.09280283781878063
-48.619462632867695,-0.16603786318569597,-0.14929513863423188,2.055604391638504,-0.09775750011819576,-2.375068481320032,0.6055165294512415
-58.292428265064856,0.07482548694149999,0.34881309211703027,-0.6383792884764683,-1.2317059945238937
-52.27919207922863,-9.242951620010292E-4,-0.09576464350786323,-0.3248581184786457,0.45171195354935273
-50.93270094422917,-0.04156541217467357
-52.23364976560596,-0.1396672146836573,-0.14397809291080008,0.39676414847892216
-55.827587712089546,-0.13553916194097074,-0.1540881990682383
-53.32381986544083,-0.09502602011370472
-52.95224413260115,-0.07889273958088759
-54.43851976324325,-0.14293011553353138
-49.271237415323604,0.03475302911166697,-0.28299652000992925
-52.01350890897051,-0.06106717974378674
-49.64800893597789,-0.01783981171300788
-52.2833145998531,-0.06588731345113003
-57.82663869991796,-0.14615088674443624,-0.16131660208880227,0.25987059747861074,-1.0068130996694933,-0.2837910903140557
-53.23324084271415,-0.09111309800837862
-49.889230776101115,-0.21052942048802142,-0.16752910807316262,0.5782384708099292,-0.6244924665643186,1.1059261621677576,0.33638768789799367
-53.35571103884912,-0.09640136250196064
-51.17556034883435,-0.04597824134264009
-48.766001473701195,-0.0010877424756183113
-54.092259780243396,-0.18031053767650923,0.022457223677117832,0.5582432917718503
-55.459022139208116,-0.18784940770205216
-52.92754037074677,-0.07781100958600289
-51.68060179340544,-0.05509573214933923
-49.680799420217554,-0.018454579649775073
-59.907047737495176,-0.11567532199973418,-0.03529120804012591,-0.4087270568664215,-0.03531664838767756
-55.148787724934344,-0.17398400037056339
-51.556424838316424,-0.12482478452647927,0.2740557954594286,0.48786366595824876,-1.1032607355442816
-46.752512430018776,-0.11223461164232719,0.049377694997210564,0.12182985154321874,-0.8344957316702968,0.8717563076861381
-53.0177200513513,-0.1327764005699043,0.06637666257823667
-48.96258515370972,-0.12336182259326968,-0.2745313248198852,0.5895372179817633,-0.0926227658758948
-55.5246133805932,-0.19081027862673106
-46.1276641507504,0.05441751626979932
-53.48435262523276,-0.10193909547073873
-47.96705267779959,-0.13330405941033635,-0.1054959915722252,1.3286100152873543
-53.524053011315154,-0.16070276210715984,-0.0011464588857823949,0.48458226345502364
-51.70561628823091,-0.0555454178948803
-44.32946351315011,0.09571456575687806
-52.29736028930801,-0.06613780515593955
-53.70407627130183,-0.11137195945196246
-52.95563657573135,-0.21918900966509974,-0.5591014916724005,0.499235646277492
-53.172146120192565,-0.0884675951891995
-54.473604415763944,-0.10540091627399668,-0.046817097679330566
-37.540187243317625,0.24416994647859963,-0.11673182494344508
-46.50348745261114,0.04613937119889372
-49.853540523138186,-0.021684475343807727
-55.76655967605685,-0.2018303597348967
-51.55273029371373,-0.052794311504430466
-58.39037954949394,-0.010592990548237646,-0.40900816819666985,-1.2240819697889347,0.6906471070757598,2.199768737200516
-55.2947970635612,-0.1243157614571804,-0.07262497024755854
-53.05231797410957,-0.08326141127472947
-51.09474764893254,-0.03654911762123261,-0.37740169177794164,0.25413051155263744,0.4098771762810183
-52.509444544694645,-0.22510095165881044,0.22591249629783866
-53.98824718720744,-0.05997876585314467,-0.13913128879028924
-53.00091022591407,-0.08101981269528394
-55.78479821260261,0.2677215175536153,-0.22738644095384875,-1.1056420094809138
-51.41427204200262,-0.050297123806628194
-56.807934843234555,-0.0157636210819692,0.22723462270539252,0.10684477122148184,-1.2340276261001408,-0.4520361693152509
-51.567856919131,-0.12964708483250975,-0.0962628682917618,0.9253166635404796
-56.97430821691502,-0.11316772823213714,-0.07893776836295238,-0.1302440683170677,0.0011413932159747564
-52.985579823004564,-0.08035030428961515
-53.01183830544494,-0.08149676615476714
-56.00921923154314,-0.21305162595355565
-49.444672366010835,0.017742791716651926,-0.09681888709254503
-57.78793658230471,-0.23063229433465787,0.10408164177310006,-0.3320179990594234
-52.15832199049148,-0.0032488095108528514,-0.024905127666893748,-0.16023745078351576,0.079275206104401
-54.244984655408956,-0.020769071492915736,-0.7885348686853915,0.15375877637980812,1.2254838263102577
-51.74254730784697,-0.05620902155824307
-54.67979244511642,-0.15339135797948186
-51.67404636645815,-0.05497785731542395
-53.188286985830196,-0.010037826326097482,-0.6505053327359483,0.40809451582510525,1.040094959427153
-52.043648602622156,-0.06160645294840811
-44.97896818187269,0.0804948822546302
-47.41266270211883,0.02663493021242687
-53.67599089458223,-0.11016739291237636
-48.887140153478086,0.03544414372638206,-0.18955507016402784
-52.256513053433764,-0.022300249920196316,-0.19438334439011346,0.06342291312620606
-52.10335605229546,-0.06267414059147221
-50.51694159362982,-0.033962156319041405
-49.57210428371247,-0.0164146508926183
-45.7912034970286,0.003005759568799546,-0.16625537035947371,1.807003137096186,0.6867174022972807,-2.8917781770664703
-55.4724158821441,-0.11827558465015428,-0.15554877564030467
-53.714488484590184,-0.07180614847356862,0.0645229751683877,-0.1769439070177224
-51.51711635724891,-0.2179135701449546,-0.2506621537819981,0.5526997449261823
-50.66746624670363,-0.03672238976666204
-52.079244648464716,-0.06224308001314586
-50.68645580739246,-0.10636490246056578,0.6931864044700549,0.4342188323033078,-1.5605579566299865
-49.82664063193861,-0.14766490019135114,-0.2951242487429624,0.8462450566276464
-50.54913532419091,-0.10895385958641536,-1.0498118933180227,0.4132413401286883
-53.05869349436275,-0.0835390519823795
-51.08413281022589,-0.04431929585993264
-55.817792841863,-0.2041848691729698
-54.8580324909695,-0.15631582833775523,-0.27912273397666876,0.08516355011147303,-0.3914245707327211,0.28657583681492405
-53.1165025904876,-0.08605311793360326
-43.448167830050096,-0.03597498261293698,-0.5379166695900682,0.4457361005239085,-0.77474350455277,0.27522619468068343
-53.026238652844974,-0.15726499902083235,0.10002931550303587
-56.50999665431322,-0.2368177472966955
-53.0215857669961,-0.08192198709734069
-48.56881350532163,0.002828739250219897
-53.748730593113706,-0.11328677214142271
-51.545715488618654,-0.05266792763118002
-51.810634231029184,-0.057431518029709513
-49.8768461716401,-0.022119141279216777
-52.20059096984596,-0.06441116032342707
-68.12490268184693,-0.09947703096202516,1.517469521553876,2.02117419034591,2.230319518126981,-3.6243035669867028
-56.237622800447724,-0.22378363291533396
-61.59819259586999,-0.17235077853241976,-0.6227573706445703,0.5277624370724086,0.8207977859790793,-1.3794263267445328
-57.867478729424384,-0.30646894414797526
-51.133011075526674,-0.24966350974179932,-0.39218825465242907,0.6404868644814745
-49.591116122804515,-0.016771884644273254
-51.809509170293055,-0.15950604293409978,-0.07928417313944476,1.0377089241591844
-50.73905480213388,-0.14412464549745507,-0.20249982995465562,0.8435093122667524,-0.7324598089839017,-0.39146442766814726,0.4651693864349922
-53.199841548692014,-0.0980098210608346,0.006294461919393507,-0.009418968827447916
-49.0884655682181,-0.007262773090909447
-50.4807836145325,-0.09166194171012185,-0.04237365109821907,0.2326343297587373,-0.2689369035610826,1.306511549135213
-54.0694989668695,-0.12704313275231216
-57.079016415412184,-0.26498133872169555
-54.766409434312656,-0.2735553992747925,0.15948086842765563
-54.659116871843594,-0.10778019484431736,5.754187659758048E-4,-0.6036230132009827,0.1463540144500848,0.8715601437958446,-0.049815219268585106
-55.671488957616894,-0.21228136075710058,1.0564650165560168,0.11984659939895143,-1.784027488689109
-55.196180864149575,-0.3457159040403309,-0.017335438997384975,0.2070049278492141
-52.88559987340422,-0.11991361233014189,0.3420225556555134,0.4408198881146649,-0.044860362728748715
-52.79187305893595,-0.12912283913460693,-0.10516603018157439,0.6332122329677715
-53.64497970813666,-0.10883705441461267
-52.57690158464235,-0.07111487368951795
-53.59201481927971,-0.10656405847412091
-54.988975583207974,-0.16692234701958006
-54.91979938039261,0.36602828682418526,-0.1948833771043935,-1.3545975495296863,-0.35441663120478883
-50.03071097842732,-0.024982447593348008
-52.2666479594391,-0.09842708014400271,-0.10439206763397156,0.4436730021435621
-54.19457344455904,-0.13241645744484332
-51.52436541131539,-0.006401378322329017,-0.29169147600173445
-56.102976966831115,0.18868769822220222,0.5938184989586546,-1.9887006460110066,-0.8673104666298169,1.3702509946991055,0.292447420696215
-53.683646801263315,-0.14934441516796898,0.07447029995525176,0.43176319448724465
-53.72917503717711,-0.11244826373616629
-52.046648609582185,-0.061660118766381916
-52.76614382362675,-0.06081920824588659,-0.028750134969806558
-51.67442065174127,-0.05498458774914623
-57.17147079056943,-0.269688648437754
-53.98534923027062,-0.061371120020850746,-0.11959076374097835
-51.74047491173448,-0.05617179279915081
-52.99979944254474,-0.08097131907884626
-51.88483246424928,-0.10937507241765373,0.10431981396036297
-44.695251505900266,0.08710483354418744
-55.6202155119821,-0.14184400018638102,-0.5947459594102322,0.4271854580663433,1.0920248396634766,-0.8076837249495622
-53.02925277567148,-0.08225631721340272
-50.88853623045597,-0.04076075554877488
-49.19786622846154,0.025212042711281274,-0.11976234721045487
-59.32259470031879,-0.10932032502795692,-0.3105725117717647,-0.2975509494525125,2.3111879466738463,0.17946345239493555,-0.9847960685435996
-58.55697356113703,-0.3092856535929256,-0.0096542070593763
-50.91879442192389,-0.0413121170795231
-53.420102018251185,-0.07749744081500515,-0.03317316234952046
-50.31481888972051,-0.030241525686397694
-50.71667377626848,-0.03762284381547342
-54.35863052631578,-0.1394811048418208
-58.24210197385755,-0.20132704662293782,-0.27204439545764514,0.6392914558509938,0.7370698386652843
-53.05975341048799,-0.08358520168665419
-53.02789545447966,-0.0821971379173351
-54.58021121100346,-0.1490646795328604
-51.77245908112848,-0.18191564880689626,-0.1306663056348782,-0.12689891311071455,-0.5875267210144002,0.9991495040727307
-55.21886323549944,-0.17709694640500345
-50.54801454065609,-0.03453267779815269
-58.008093759492446,-0.008877768036220743,-0.16741018953853798,0.05975109063416585,0.05525891754711887,-0.7210904429616027
-52.29912297327418,-0.06616923803948702
-55.40133521339573,-0.12183249898205296,-0.1127848159785981
-55.56747502594584,-0.1927510576153266
-55.25717975211373,-0.17880357008881556
-54.80966146797272,-0.14830087758505806,-0.21709325380595743,0.4164928739036803,0.3141474285813596
-50.363030001509635,-0.019910270328415178,-0.08834561430998583,0.10870480269839745
-52.8128350359802,-0.07530421351121776
-53.59116084088638,-0.10652739941937726
-54.462731593784994,-0.14397671888201286
-53.6071442301246,-0.20200862587827523,-0.14363237436126014,0.7197193474660118
-54.45171296577008,-0.1435003376125077
-51.39263591256379,-0.04990639334743174
-32.89474959825517,0.3598433888889184
-50.4406528585587,-0.06497113341823382,-0.30086763066544164,0.3894605460709789,-0.47586468492439016
-51.814488239698,-0.0291399417628892,-0.04764480851995083,0.1789369038100957,0.22506070098478792,-0.47326251897694854
-47.68082126523949,0.021018500691825093
-46.31383994401145,0.044206457289635695,0.09510446228121652
-50.393098021441,-0.019898216638960686,-0.2969570097569621,0.17711940171813031
-44.217522021555084,-0.2084858249849299,-0.1394343603448947,1.8296795565904231
-51.497585238958315,-0.051800399161302774
-50.84945473058892,-0.04004813561066762
-51.68979325534995,-0.055260986676853335
-51.824766399059115,-0.06290792538170517,-0.14743480774949705,0.20751795003340517
-47.23913726786372,0.2204138086220208,-0.3430460614564177,-1.0035416271747293,0.003226708609626705,1.0682169289732188
-52.216617362842804,-0.046957633597375224,-0.04224017290842714
-44.60519460018651,0.020923300082802895,-0.04676928513754838,0.7611619266714735,-0.08055589701108448
-56.05095119537836,0.030391612042542954,-0.3051769378453967,-0.5724975510499308,0.6465747547856454
-47.660740091932766,0.021437020325706477
-54.81083670942197,-0.08924572942627407,-0.14400391614496605
-51.93791548240064,-0.05971367443365936
-49.45770919556595,-0.014261238734050052
-51.26247170868755,-0.047552736071098646
-49.57138547243026,-0.016401140768760807
-54.8327026447735,-0.16006342541179025
-51.02431527620807,-0.04323241014534983
-53.24573459927344,-0.09165344347578798
-55.8788985031468,-0.20700316349319173
-51.61377572069448,-0.053893566355060915
-50.67504155914533,-0.17520200229866079,0.1856314115603302,1.2063448037690787
-53.484521527938604,-0.10194635717337343
-53.50937744099628,-0.1030147733014273
-57.4538666899778,-0.03691420010677113,0.030442032881115494,-0.3355539890041703,1.191070097895494,0.7649008881219861
-53.49699696064988,-0.08520624803697843,-0.9504781398886806,-0.49040500018991773,0.9723252535469425,0.816188373648338
-56.13821322758534,-0.028686623865314356,-0.20151520617061763,0.12152589175718256,1.1273410988204926
-53.67047053742861,-0.10993060057699383
-45.38713976678777,0.07109861649431456
-47.26566610064055,0.024520403658631965,0.04688698654120807
-64.77782855805899,0.3567371676731438,-0.40418359670166587,-3.340426537210848,1.640312535381031
-52.71446715531855,0.13161566441227768,-0.755719299037975,-0.40666632544674397
-23.84858499846292,0.57411833289025
-53.134514598341454,-0.08683524850273289
-49.435684250444666,-0.013845852273623366
-65.80762858978713,-0.033007300600619696,-0.7790234335261305,-1.494418053403607,1.329522321733784
-53.27006271027647,-0.07137823462127552,-0.028506503551827544,0.42024360093095614,-0.373077503428861,-0.32684390316220424
-50.27363425280774,-0.029481331744737847
-57.86101237119874,-0.36475956971943746,-0.04435364642435808,1.3546459307203325,0.2352236637554141
-45.806992683818734,-0.40475745406470687,-0.6585630716825308,1.5749084565366822
-50.01726535911838,-0.024732670248144566
-53.10403346994304,-0.08551135047366537
-47.33556351167715,0.028260928710208688
-55.66329550026276,-0.13400607756629662,-0.4252168878433713,-0.1999302751375639,0.9977138636808972
-53.58516669340357,-0.04277425529793641,-0.40909850328927794
-47.657776983565924,0.02149880370590801
-48.928756885298036,0.14538589941726,-0.9459317715213804,0.030931590141487497,1.6413668879916348,-0.40853357555443415
-56.8957803370521,-0.25576449416990665
-50.67910115549193,-0.03693538074230812
-57.17294446174281,-0.06910439800584864,-0.6457959191239839,0.5519553794359567,1.4418739341907463
-54.33828096876725,-0.13860356686771913
-53.524884997010716,-0.04569620246900887,-0.23178155572699768
-63.55296117922756,-0.12464556623031464,-0.5020698621942158,-1.138646895962752,1.3550117859243915,2.9227034005396493
-50.60546000136254,-0.08226670709263151,0.09154690711660027,0.47953157754870634,-0.2538245630006536
-49.281961683842916,-0.010939487862507008
-53.25068580584516,-0.09186752097779129
-59.57721273449043,-0.3986518403831707,0.21222125362208688,0.7737418335533259,1.1733912366140609,0.785021589734591
-49.92850998038296,-0.02308179210951094
-53.7613526976364,-0.11382795339225807
-49.087530914855755,-0.007244962319223794
-51.55176410353205,-0.05277690474166754
-49.8053134570564,-0.020784185864266398
-49.338740390883665,-0.01201445480529556
-51.04643879356914,-0.04363453521735908
-55.744087842091204,-0.20080001327174965
-54.486711309261764,-0.145013932634992
-53.50220330968327,-0.10270644252342086
-62.09909954386873,0.1062417514092168,0.5554772344769681,-1.3028260436243708,-1.7525624265297264
-50.93355308398387,0.08599583604620073,-0.16918047919287243,-0.1339159658063332,-0.33457428465806344
-49.336201794738955,-0.011966429879627108
-54.05198623882062,-0.0563422246883888,-0.21361671125525525
-54.216378788059146,-0.13335422820458645
-54.07679946009619,-0.12735653795739232
-54.71467931806218,-0.15491045478522342
-59.31031789604245,-0.17623189354890922,-0.3551551496256337,0.6400381920393304,1.1117531376091598
-53.220514070196984,-0.09056245328886418
-53.79433672772814,-0.14046378071406546,-0.004182790042932941,0.5124974630419038
-50.758494381279675,-0.03838741113080609
-47.291445531010766,-0.12574412488788642,0.01208311163391132,0.9242233668087281,-0.7785914257666486,0.7794261117577668,-1.7429595169405387
-55.31397692534849,-0.18133937019299784
-52.0434784635968,-0.06160340934237103
-56.744014109869504,-0.18475467488997854,-0.13015511456689766
-50.78214301541649,-0.03881947072072855
-52.75993948444192,-0.07436581146626585
-48.27475902478417,0.042705664994982226,-0.12372242853036991
-49.6433120431848,-0.017751708675777612
-45.65213968653695,0.04453078073159408,0.6047767978017925
-47.46099915501605,0.025618101458749196
-55.10542278340782,-0.17206277723226415
-51.010123345004864,0.0369136917031373,-1.0130386442340913,1.100225014584151,2.852236908109353
-52.01430363218155,-0.06108140204764646
-53.258335917293614,-0.09219822811696364
-54.953593735952886,-0.1653655904513764
-53.74239290063645,-0.11301503015631154
-51.72628826060785,-0.055916911694580664
-49.75437513600562,-0.03186910928788515,0.023658528644620064,0.23556683384373567
-55.02833965678544,-0.1686570781551472
-51.60932438615894,-0.05381344561145227
-51.19501899214062,-0.04633096553978461
-42.84792519552467,0.13135794929921854
-48.017208738853505,0.014056218051731989
-46.247902654776446,0.04723981362252157,0.3005125554303984
-34.06583082392717,-0.09426804053789907,-1.142306195386093,1.1360387563066292
-44.91781186991694,0.08191440126099336
-50.63683889272288,-0.036161473068796315
-52.57822541277845,-0.07113840778078794
-52.45011706638573,-0.06885945662288222
-53.68902495545834,-0.11072644418705305
-51.56720669558907,-0.15316279741559355,0.2020987915568399
-54.26004923538871,-0.09541332337433331,0.1809914994473576,-0.41373356217852886,-0.04973302565842874,0.24393531124202206
-53.736829880812756,-0.11277649830505058
-53.91990246552057,-0.12062544136773753
-50.66719181762218,-0.04396004211070475,0.01639808991849112,0.14951164821599572
-53.44970666064202,-0.11741719541999436,-0.4322554459241808,0.533624418930503,0.5523060065420629,-0.14342616541072353,-1.2010585209877795
-55.34055832396341,-0.26368140069612755,0.09445789390806991,0.7589491173695078
-52.0557836051753,-0.1261617825021181,0.1954284351000975,0.32344078890399874,-0.39489556827174116,0.02170582721515135
-52.9372397850065,-0.08398198798174417,-4.802339119653193E-4
-50.681276398826625,-0.06411054021013686,0.1576137603042276
-40.160719460356916,0.198867744028689,-0.27008230982069326
-48.17373634741193,0.010846970442273451
-53.19081337857737,-0.31093565130826833,-0.012692089380862824,0.5736435747643467
-46.4168252013944,0.04803694221249158
-48.056358068582114,0.0031432994389275493,0.08009105051626608
-51.191165176554584,-0.0362714185638809,-0.021081923270557523
-59.01511359287796,-0.0010243469241033448,-1.1346596953640389,-0.35990163001006925,2.132559022482573,1.1556875767003425
-50.285585472845106,4.8062874955930035E-4,-0.3808615024324761,0.1382403056872701
-50.97202258663669,-0.264457308379503,-0.2028708413814142,1.404636069155377
-52.91676130323194,-0.07733857738569079
-52.09333840791999,-0.06249506263157533
-53.217670353009886,-0.2827946473766207,-0.2342214776022812,1.0931021509917929
-53.932660701200945,-0.13225081512548797,0.06423241390596787,0.46802539462525206
-53.02726234849977,-0.08216953320657215
-55.860122469022414,-0.20613599979273223
-58.55723949541792,0.038042529136231795,-0.14519397351935714,-0.8594782006896129,0.5026229489408518
-52.365162680735196,-0.11547614797221135,0.1298665308907014,0.17734505395994846
-55.16670115635024,0.005330256580937998,-0.3455496431705745,-0.9775637369091894,1.5179552001826577
-50.99704896344934,-0.04273657896632373
-53.05462812830656,-0.046695024655857606,-0.09192671571043164
-54.682670982306796,-0.0753374270981581,-0.19721760007118236
-53.36488259455758,-0.09679669345459752
-55.833288531699004,-0.20489850891658465
-57.66568050905004,-0.24587220026269305,-0.050932224021428996
-56.04321125528654,-0.2146379991832858
-55.00548837828403,-0.10539379281761597,-0.10234012009458106
-53.137626385738095,-0.08697031582002432
-53.0695255799434,-0.0840105916418612
-54.296507670088644,0.07125185032405529,-0.011591862926366853,-0.3237417368056744,-0.31141078577363124
-52.850265942113325,-0.39957842884586475,-0.09881475309322843,0.7208365544601153
-39.14616882943081,0.2201814826235593,-0.22418259808469526
-54.5582303200714,-0.18767077640799784,0.2446250192241205,0.7402142079141446
-53.57514046144683,-0.10583961805699729
-52.92159070555362,-0.07755027703888052
-35.09564426311299,-0.08811073375425466,-1.4814661959236823,2.6207970669427505,0.6653738263284206,-1.4675190330735468,0.5929954351004211
-54.533668282865406,-0.1470469380567324
-55.839120889676806,-0.14345085781653355,-0.10571040518720598
-51.41175717664967,-0.005704873719858949,-0.26387328958617773
-52.69795849806578,-0.012454119208262601,-0.7093547726049663,-0.028876709990577475,1.1201202747978332,-0.14081994913584467
-52.33076902263475,-0.0641180243323179,0.1543954180828892,0.1943793241734214,0.10729755921149636
-51.520824460802295,-0.07254723808855155,0.4640818241914584,-0.1274971861691574
-47.6571273279127,0.021512350555837403
-52.77695468871564,-0.14380256983921738,0.37590122426907074,0.29541881925728697,-0.07495185670837046
-52.33427234024412,-0.06679590004576724
-47.92507824481666,-0.018182439855587533,0.670623020680791
-53.88029672803944,-0.11892729941030789
-54.173043405150686,-0.062439012295498836,-0.15166834631492024
-53.5294871394889,-0.10387886628491862
-45.61736867693628,-0.17143867292345094,-0.756815030694866,0.8796225054860545
-49.74556587193808,-0.051825404503118844,0.004608911569792498,0.5792678745137327
-56.47878368402774,-0.3348017757517587,-0.03823112654399724,1.1986418948836182,0.07968905410096118
-49.52546044607388,-0.07143706132320497,-0.19005074222236779,0.5513869808756076
-55.490141260734205,-0.03244634960151037,0.03034239861906357,-0.2842099576062818,-0.09192140702293647,0.008782032778123505
-53.40267672875326,-0.09842487695759061
-55.61522637741798,-0.16876045599885603,-0.037092742762354206,0.8217828636013813,0.3313903950211435
-49.20801006490593,-0.009536754620523266
-48.681855965234845,5.552571371188614E-4
-51.919568146221415,-0.023502800866903338,-0.1311900899233167
-49.09697072896058,-0.007424824775592281
-61.466413517483694,-0.5556795536590221
-49.676150664276776,-0.030389851355472543,0.07081557998221738
-52.09934901992028,-0.0626025126166827
-48.65961444380026,-0.048923163325931586,-0.29153669919687347,0.3674345195176705
-56.79265474171887,-0.2506406577332727
-50.858965441037114,-0.06635599456284262,0.13070434116874952
-53.13940199187578,-0.0870473789470561
-52.95219745021125,-0.07889069674383252
-54.121106294419484,-0.1292591660306719
-49.953413829040365,-0.123465127826141,0.025439632362257075,1.0431781353728713,-8.439069154914658E-4,-0.41763910418581485
-42.643613127777584,0.13633665942191286
-57.477947174769874,-0.2855811439717234
-43.65580135012845,0.1117941345627802
-53.80093195850786,-0.11552482507588642
-49.35774185506548,-0.012373812705496659
-48.89170559075315,-0.003502203760289632
-52.109784796313185,-0.06278905037629326
-53.18935529874395,-0.08921333884996901
-44.137964889909966,0.10025812835014883
-52.276870457592736,-0.06577237427297553
-56.44972578489424,-0.16924794651556702,-0.1324555654843677
-55.771118568220146,-0.13193993851390012,-0.16081058049362978
-50.981738802176274,-0.2573210938920844,-0.543541781100974,1.8205379945221787,0.6664108778768806,-1.7221422423993462,-0.04657820445386447
-53.38948854384162,-0.03902202441603468,-0.36895990989845107
-52.936835963549505,-0.07821820793402263
-47.74828889570429,0.060988360212874904,-0.2597512462744275
-48.91079782078814,-0.003868093287040769
-53.56122346858651,-0.10524202824964056
-53.84039283309806,-0.11721654297003373
-51.90830291214329,-0.1016609782490606,-0.21531545005212588,0.33686915151667335
-55.02283531048115,-0.16841432986637045
-55.04577972046776,-0.12222996617596918,0.8680972196938774,0.15380049473385554,-1.7302907863950296
-59.28072631446607,0.23107906435750636,-0.20908783704958891,-1.3601003111744165,0.19803342624625944
-54.36381971280966,-0.13970494157404945
-47.40667639859109,0.02676099856925522
-51.31207267002966,-0.048450245370777655
-55.016733069756015,-0.08452618881713607,-0.2550917560617465
-50.76270201447483,-0.03846429948201516
-56.27705188395383,0.012963402396564072,-0.31908261047837627,-0.32201869955119694
-53.87892655632282,-0.10493938584068836,0.4724870281309471,0.25453256639696126
-54.23084992919354,-0.13397676757785867
-52.7174714793788,-0.07361205994020625
-49.191692147754836,-0.00922682573635833
-53.06471643316491,-0.08380126810797897
-51.49402843056832,0.12604447139049446,-0.22057706908510058,-0.13295155571318007,0.07389273363799917,-0.3513401683997861
-54.00921315803957,0.04030033181797282,-0.17022061133524688,-0.22519209573587043
-50.2220900383254,-0.028528900809046485
-46.30816066175397,0.05042585866433291
-50.298850234736264,-0.0299468583315562
-52.997677378606156,-0.0442647607908811,-0.11072755975201568
-49.441267071173456,-0.01395116737267972
-51.55472083643306,-0.05283017204265841
-51.04446610601079,-0.04359868565204622
-51.16128477147378,0.34977014754596053,-0.4882848851710642,-0.32622203634096236,0.5772050636168263,-1.459916404386245
-49.14618231652813,-0.008361665900485066
-44.59634055393193,-0.15621208844751439,-1.9046887940949628,0.7705384880881435,1.816186070825724
-45.95785666108378,0.05819958568195821
-50.4383084414926,-0.03251667505028924
-47.89779316538779,0.06510899266696063,-0.393575110693471
-47.209842328783566,0.030923263628883466
-53.97691052733022,-0.12307026309316114
-52.47111410498162,-0.04267843173934694,-0.06775231892072864
-47.57266033947462,0.023276656112160968
-54.495580126545214,-0.11263467669767788,-0.14820485633944006,0.14153116633281176,0.4026746144769248
-54.76664120401145,-0.1571764424524037
-51.58823915905179,-0.09424701969459583,0.07186870787253782,0.6870434267440015
-54.64421435454781,-0.15184396936936773
-51.98863802087441,-0.13455863041277305,0.11075849797124282,0.12454880964144249
-47.913461104733386,0.01619385833238468
-52.03672494081867,-0.026767447497812673,-0.11503178531175115
-52.2672963688261,-0.0656015923969297
-53.65602152172438,-0.10931077162758995
-56.55283209031377,-0.05944959637772326,-0.48386567359532207,0.5549599887878578,1.416386266668937
-51.68886948695833,-0.05524437914995706
-53.37775568887649,-0.097351429440309
-46.35282872245426,0.18655719321037323,0.04003862352942225,-0.9127616640641902,-0.4792834932915789,1.0850809473105039
-51.8684618275454,-0.07632315158361852,-0.23868330112822125,0.2637458334096319
-58.00044774410225,-0.3697515002092004,0.11187264198158207
-54.03735366923186,-0.09841293965325731,0.11397305452744069,0.10958165951229668,1.3065235328953015,0.4359941269412472,-1.2918047811427673
-54.45961070146974,-0.14384177603605924
-54.05528147277664,-0.12643285512816768
-51.49597178883005,-0.07265395729711163,0.07499524846335415
-52.13840815896217,-0.2578814872675809,-0.1579404047716945,0.8368448997337511,-0.21173998046129594,0.34010661507353945
-52.10631880532047,-0.06272709912271573
-50.86428929239467,-0.04031869621151227
-59.05445957028537,-0.14338503577555503,-0.16887099491160393,0.47520368523753115,0.7572499251157709,-0.890773073829054,-1.1925407391051832
-55.45816719736071,-0.06059560032473808,-0.28374038455493555,0.2332066198950662,0.6865941980453256
-54.48470717961675,-0.14492722134685962
-52.27128704323426,-0.32258075429847266,0.3897951370364054
-53.806902251224294,-0.11578077805266976
-64.03647576846657,-0.08562819787853454,-0.29970585010524603,0.12721447037245215,-0.7017050601378881,-1.586097906730804
-40.25919897120373,-0.01732597891358148,-0.13981251345705087,1.198588511861419,-1.6785625377903215,-0.7111590145456881
-53.69041659933398,-0.11078613106114998
-51.34846491376065,-0.04910826497721074
-55.727451676207885,0.33197379587975956,-0.2355917436153171,-1.371288844606177
-50.551481030850304,-0.034596301414301665
-53.766340894680674,-0.08228284610769687,-0.1551362725581212,0.1929436012789399,0.29666736434231417
-48.34101734716348,-0.08460034652459578,1.2362631170872442,-0.07742670381241856,-0.7337185315325996
-52.750872620391455,-0.08883249852903692,0.017370833583096337
-52.24732597102705,-0.0652452990382848
-50.31051496328789,-0.029539977397632464,0.7003827876026193,-0.3803294343207368
-54.45419116285468,-0.22277897517773976,-0.09178123014794357,0.7448475785783258
-53.11782743831536,-0.08611066515233866
-51.540426841980434,-0.0525726342612387
-57.126589773444145,0.037756195433976625,-0.26818919316481915,-0.1624305159625457,-0.025587629805717688,-0.3859367358425138
-52.289695345455954,-0.06600111322194578
-50.53132032948996,0.007821272473670718,-0.13524093432690495,0.019720667212403356
-52.3090469776871,-0.06634619468460852
-63.800827968299544,-0.14151143225747442,0.34979396294296833,-1.0195459564968066,-0.29218769278351353
-55.349637715569784,-0.18293528488872385
-52.66371302610199,-0.04346565751138236,-0.07491098625551383
-50.88233609239722,-0.2349746976773929,-0.3014712470413451,0.5917815375030901,0.08270740495360807
-55.87254996705158,-0.33995555831752966,0.05053078177258617,1.2653032818492689
-63.389507690095186,-0.09478856987631902,-0.5285797349034507,-1.445708693366577,0.936907205618657,2.420105523604966,0.20501993215199676
-50.45999539163304,-0.03291558585163186
-51.0614626536869,-0.007576913441490377,-0.14052226289810707
-48.55696984661178,-0.009979293594828173,0.09969900573458107
-59.576607723697165,-0.0961820688139182,-0.05420875128116699,0.5470603067416959,-0.2510590121891571,-1.2153802095765562
-55.01052976688571,-0.16787185078911127
-52.13434811376507,-0.06322801786266784
-54.4466269534563,-0.05086963596729704,0.1514758437676808,-1.0549522637686586,-0.11074292588310189,1.6041906507984702
-53.38765478873123,-0.15045838936032455,-0.09207953502885734,0.6826409101281296
-53.398145960165216,-0.09822976336225546
-54.37761337500097,-0.14030006040322693
-44.53033998511146,0.0909747163724505
-53.53082610652432,-0.25301592422945746,0.4606030031691548,0.49318995911166597,-1.1952889695504922
-56.01087156936883,-0.21312865391885769
-53.9479700352529,0.09141305283122139,0.13921491195716934,-0.673462794010437
-54.79928812919479,-0.15860228158272985
-43.38985107413719,0.11820733150044171
-55.57616621433458,-0.1931451798637741
-52.74802391444268,-0.15115590351291294,-0.32499825340433475,0.38487748398937394,0.322945983963149
-54.42289384681296,0.018850468687553218,-0.2059555191886014,-0.2182746762205707,0.1653850140958888
-53.284017616448025,-0.09330786937040295
-54.71310652890645,-0.07433280514463324,-0.21575618640297348
-53.5273684414802,-0.10378784045326662
-57.98012686061586,-0.23925415651691917,-0.7607277862897457,-0.08945688758355264
-53.427372340121124,-0.1898650693502354,0.04748238562904181,0.21801470357482394,-0.5298521451134492,0.031977820127581436,0.632894894552945
-56.98822801148726,-0.23382033156923182,0.0397680709526419,0.47184369692189565,0.7709961813106881,1.2629013947640118
-54.09930064134578,-0.12832265996605813
-54.03056766056522,-0.051417244848540086,-0.3497504049975557
-54.01726306072089,-0.12480135407241386
-53.90077232357419,-0.11980518577978819
-47.88428380639183,0.005503183650242965,0.26799658167240953
-54.0365800776523,-0.1256302415475377
-53.77555808002831,-0.11443699408986813
-52.38674804777337,-0.06773099147739463
-52.62443610647007,-0.07195970788714612
-52.1405762564618,-0.06333929842752377
-50.618508021628294,-0.07280829911747812,0.21722529096948495
-53.09514392806607,0.0010387982679427588,-0.06788543024102714,-0.14140669725491384
-55.77650581594293,-0.20228685768310192
-45.30771159638893,0.0729162181272262
-55.4588473416119,-0.18784153157422692
-53.07583709576692,-0.08428524254575538
-53.18652506203237,-0.0890907241275214
-52.753874318116,0.07762458646427117,-0.3218093594294755,-0.41366048007820916,0.5735457071658446
-53.75130155870751,-0.11339700591348739
-50.00421729705927,-0.12802741545382254,0.15061348416527054,-0.16383511909113924,-0.832837429324101,1.0785472952495165,-0.3372620199833438
-50.76659706082527,-0.038535469944394336
-51.39315990648315,-0.04991585789503583
-52.22232363573884,-0.0647991096742173
-54.99434946475201,-0.16715899490400746
-54.79311597449632,-0.15833258534205671
-58.59386526216464,-0.29137712499887947,-0.3343410073395652,0.5643180795203064,0.5173206633903588,0.67141400029375
-59.33913287948697,-0.07480376520604079,-0.2597763973441477,-0.44026138816022975
-54.1067979199978,-0.06832198071318832,-0.14306404953321436,0.28017202838967115,0.3430928062677962
-52.36896555757753,-0.09022958627473006,0.03502608718566466,0.011621473263595639
-54.18467308383907,-0.1837056226930289,0.25046862054667723,0.40082090111908464
-54.42727876971737,-0.022586367517718406,-0.7887245984923927,0.115206736944615,1.2386177249052552
-54.51394750798264,-0.019385967108228278,1.0239877920982001,-1.2475021990795703,-1.1326643640962986,1.010694310151547
-55.899575274585565,-0.20795933867290778
-53.51495402085029,-0.10325442000807035
-46.830677740548,0.03903603367119243
-53.4380598688653,-0.09955239518978747,-0.3790596633991372,0.44443857363209227,0.4160150329506852
-50.18844756608838,-0.22565906446808037,-0.08335187336847585,0.444160608465768,0.020146079680856334,2.0111436836890215
-52.88780380418518,-0.0939135494503217,0.1175364725461549,0.3940052643558365
-51.86421896518624,-0.11269750789609372,-2.844862100273571E-4,0.7845852707799881
-54.690652399909474,0.055161395681239594,-0.1434926611909353,-0.3166182708331902
-49.597282946056865,-0.002121060970785252,-0.37773686293358427,0.17814399849418347
-49.61741838989011,-0.06843979637834174,-0.1359217791683481,0.7049569853416554
-56.45852589290254,-0.20706750315402608,-0.015157085060228687
-53.4840690633486,-0.10192690413194966
-47.850935239450024,0.0010695011845261865,-0.0493676280643527,0.25110798389480005
-52.817822032158695,-0.07539266222596619
-53.66656933510312,-0.10976325501140925
-50.46434512472811,-0.032995572154961385
-52.62070540789192,-0.07189341680881269
-54.57299936514194,-0.14875184995401153
-53.26737018152566,-0.04870511622803394,-0.056509280020208996,0.15054900446871625,0.33345822517772544
-46.65394478665368,-0.09128102838913907,0.4560448151991149,0.4757684940884616,-0.6833046952939689,0.42751502028696,-0.3532250365737813
-44.09163923959142,0.10136073474663526
-55.21043681618503,-0.10952117691303243,-0.13242927460415532
-44.818442768674686,0.08422714050071567
-55.44196147662091,-0.1870810360802791
-51.220899605375486,-0.04679991174415304
-46.8516620326098,0.03858372923641397
-53.70088391650892,-0.11123505189198496
-51.21276209865713,-0.14074761400652547,-0.09131595288736505,-0.18173784397896475,0.18734540676786138,2.770644176197382
-50.13298818022008,-0.026879768064194245
-50.76453676950544,-0.013270202717360333,-0.07023442531331603
-52.559164520365556,0.06226227041046445,-0.04401090495117309,-0.5549701353606504,-0.44396874776209666,0.6488444540762608
-53.320576835347296,-0.09488609736978992
-51.8812898097712,-0.05869887547792972
-53.67537707751855,-0.11014106407841183
-52.30622488311083,-0.06629587552500558
-54.14089608587575,-0.13010932162422767
-54.36886781123889,-0.001608248254839989,0.7308398246616321,-0.29418303321723105,-1.2669814530069652
-53.42588115299301,-0.09942385814306921
-57.30504164273523,0.15593911878278344,-0.023000287617797266,-0.8708143242971206,-0.1436961997923331
-58.50248335121167,-0.28734602164401446,-0.17086879480993697
-47.21188768810626,0.03087984108529805
-49.228309774586705,-0.009922104430267115
-51.10912640761363,-0.08188179423002552,0.12843058589977324
-48.60338390831364,-0.017026395710320788,-1.4820879892759615,0.8683768906119688,1.8523260222281774,-0.6239446479004013,-0.06786536774387442
-50.537445092979425,-0.034338658002732815
-57.88699176721537,-0.24492987709316033,-0.17935180894599698
-55.02991374516117,-0.16872650807910333
-58.82797977035375,-0.10339328251943448,-1.2083238674056178,0.3090605586195889,2.0067834181614166
-53.55191252002063,-0.05177498438151829,-0.14399308410031086
-52.96935119911605,-0.07964102723519971
-50.66066169601007,-0.03659780048640872
-55.29468442005412,-0.12704140489590138,-0.058665666682175543
-53.57004959322108,-0.08590008651476408,-0.029205999987967433
-56.051905804464674,-0.29540276745519656,0.030437948986524493,0.9980569995703829
-53.581884130400624,-0.10612915098638676
-54.04748758041876,-0.05173910957896494,-0.3499086571194239
-55.60105975295663,0.0426624713985615,0.37299635302975054,-0.33141308429959254,-0.8809628600645969
-57.514404234626454,-0.3675744334136583,-0.1773917969772686,1.2522309079169502,1.9140056938474124,-0.17409128231975826,-1.5812978441464225
-51.9231648362972,-0.10787245434693248,-0.27756466732086515,0.30683154970144355,0.029091807642964596
-50.528263903813716,-0.14291959689363615,0.4724139425366709,0.7655730186516321,-1.1284983666808421,-0.4295369727999909
-54.302898487963574,-0.13707865760908178
-58.52554475724125,-0.20758487581291013,-0.38015220931554866,-0.25747093980251523,0.5242551715951975
-50.93667123801043,-0.029205294206751047,-0.02946978658799735
-54.1026832646509,-0.12846791994050513
-55.41286030337583,-0.1857720414410546
-53.95571130278855,-0.09503905952140941,0.03808324116534714,0.3956351033992094,0.16300323944760564
-48.812259193153686,-0.0019773404975902825
-54.22079671885554,-0.1335442686763035
-52.69947739817286,-0.0835908656758942,0.012432676349020358
-58.34184074802878,-0.5920515880273807,0.20995940138897476,1.7680299003632747
-52.235091801809915,-0.02916438208357333,-0.1306381917994312
-52.77189115867504,-0.07457788289297168
-45.59210657341778,-0.04506044634371607,-0.347984700551258,0.6231339965823608
-52.79430680941407,-0.0749755634473697
-52.69800372731794,-0.07326642928137955
-52.07652530503173,-0.17444864022550022,-0.5125487267985955,0.5013839561335927
-54.89352365580798,-0.16272778908771407
-54.57091092423235,-0.1486612717515748
-52.06041502800353,-0.06190635328592356
-55.30586883992562,-0.20185868348208405,0.03750792593102974
-50.409640247775776,-0.13989818022820832,-0.05889532445482541,0.538855141603723,-0.42457150247415076
-50.5257353064911,0.01075364833970846,-0.2676312851815335
-49.90725552437467,-0.01364124768095161,0.014116911979877494,0.0296594388127205
-50.37921377455117,-0.058904780165439145,-0.06927890876733833,0.4795357018054818
-50.44307071758043,-0.02979482368097145,0.0010910554744390788
-53.455087215352265,-0.10068054681444107
-55.45701457478505,-0.18775895431622752
-54.37189866359266,-0.08919856721364067,0.19540155538155796,-0.12316202687442596,-0.23388137136772172
-53.165851797031856,-0.3598311323421871,-0.2344734065976452,1.4370505809775826
-53.28351548247256,-0.09328618143631001
-51.136773536731894,-0.045274792323049824
-48.78023933151166,-0.0013616934276574205
-56.77609514344643,-0.07549749400114739,0.27649813888758046,-0.1499392116097376,-0.5904164622512522
-54.05153108623831,-0.25720281922493604,-0.15821942886714105,0.9948215149927077
-52.97270686014036,-0.07978773377759395
-54.588316910329425,-0.14941636232284317
-52.253669351916905,-0.14986175250340103,-0.3363226347510085,0.3999353200941878
-49.982611396635924,-0.024088527739496803
-52.201188488094736,-0.08155021480434008,-0.02702428261280483,0.09559173148481476
-58.726719177043925,-0.22444944830583466,-0.42492423290357934,-0.4826418864468036,0.4954625069791745,0.579404453412756,-1.6792076461183938
-51.08432186737032,-0.10463911220832148,-0.21558024036411633,0.47355176225878787
-56.140219080361504,-0.21918579486667916
-48.86010905273004,0.6066368112191659,0.14756741341571988,-2.097529075643478,-0.25500738965140085,-0.07607884733923778
-53.87381348053982,-0.11864934183696596
-53.72034324016349,-0.11206954778625092
-52.44153625383819,-0.0907331519496265,0.03856718539591453
-51.19910543157452,-0.046405024407686284
-52.75842337837963,-0.1105016199162822,-0.04837498363469859,0.5519393984146876
-55.02085919718861,-0.16832719510600708
-52.111502497113456,-0.06281975161086321
-50.713240335683246,0.4278444114013079,-0.33828646369436977,-0.7842441041840787,-0.35415496418476144,-0.9046271030396149
-53.41977023824964,-0.16293987814692357,-0.017684699096771617,0.22979026613742193,-0.16254443794867302
-46.6846333948954,0.035192006612624976,0.16070222159851055
-55.83778300483386,-0.37883692852427636,-0.04874009122577936,1.4181320246148739
-50.095831963693556,-0.07591827290077308,-0.271493027354862,0.3867594256109882
-57.74844763171227,-0.13417440746205161,-0.08991180766768184,0.8571393029385633,-0.17397539091403733,-1.3153442814453153
-53.05205074791692,-0.08324977244256364
-52.847588784476365,-0.07592051712999644
-52.84392597373189,-0.07585557212627378
-53.056191943381336,-0.08343012379308129
-56.60491522125555,0.08514199699971028,0.09570898392042149,-0.495818444453999,-1.0465623249840899
-51.914284982421705,-0.10396342862962746,0.0936860740942849
-51.88038984596636,-0.007186500243668986,-0.3988128472889198,0.0922977014132792
-49.912042039185515,0.0345189004729283,0.006493927206561362,-0.14627924459628483
-50.29660853128437,-0.02990548387780926
-52.86662486230546,-0.07625800956271081
-45.26901905347431,0.07380357319395481
-55.655905399554115,-0.11472692970002667,-0.28759320091154517
-54.92655330475913,-0.16417739099763834
-53.53224927405328,-0.10399753186598228
-51.238529295326394,-0.04711923242561836
-49.512654489252256,0.0036597457239633258,-0.056047453071821546
-52.80846181499749,-0.06513649682568173,-0.08828407311067768,0.07156351252129473
-55.81372023358827,-0.203997425961164
-53.818872478549586,-0.11629395114186045
-54.87080225536561,-0.16173170260640968
-54.36878155525985,-0.13991899590578066
-55.14439517875091,-0.17378921776054668
-57.45990979388134,-0.266983782727755,-0.3774308179821372,1.2661977815500731,0.8854752546722187
-51.52191182736323,-0.061656248607318706,0.04853152506597447
-56.293108508963805,0.05207241493654935,-0.20827397097673683,-0.8149357080876499,0.8943849433320822,0.6846635711493224,0.22015441243433032
-54.924427084008705,-0.0765318332239695,-0.41029529013118987
-62.56117408263491,-0.1778980607290794,-0.8998999752321543,0.3898384329390404,0.9243704089652067,0.4332404573970133,1.443133113228309
-40.62291084129584,-0.13841077040773372,-0.42116237950803465,1.4447185639472873,-0.6816928074698707,-0.6117627811830791
-54.43380607691874,-0.16000729592789925,-0.11571877879316762,0.4384534356041402,0.15801379016094508
-53.726849513107254,-0.11234854457722065
-53.13906570993351,-0.08703278436440359
-52.47135522635424,-0.0942724001167541,2.3804406495414598E-4,0.301011362374362
-52.244118541164056,-0.1407007621320276,-0.14877347504661168,0.4381537182370584
-53.285080169067456,-0.0933537616096968
-56.928406616612214,-0.25739491305458784
-54.14158840827856,-0.19815858258874688,0.0937469203073937
-50.069999967544334,-0.0040064157438327655,-0.062462560916079525
-51.948002487522956,-0.05989436274569945
-52.69938641326434,-0.07329097967008986
-54.130827711616526,-0.10002718085229993,0.07269866505424935,0.08503141490340163,0.1505398135449823,0.15700180590549706
-52.41923590716086,-0.15131351611279487,-0.1548401147591983,0.3379340232907263
-50.59476101872655,-0.0653022893172432,0.19283626232505857
-53.427260570656735,-0.0994832286505852
-49.62896797999154,-0.014345337971495523,1.1889594908459067,1.1951852593033228,-0.8938218543235623
-53.26543934457676,-0.09250523385428623
-46.85528736344952,0.038505626964391
-52.48167190609549,-0.0694210849241293
-53.88603801169166,-0.11917345035885481
-54.540200205868516,-0.1473299483099417
-53.26249267661352,-0.09237788865711179
-52.08899872407888,-0.062417478200167006
-49.53193806386942,-0.1818220345135434,-0.4550931389457486,0.7096754955860011
-52.791815979545994,-0.07493137726633624
-53.11503613069601,-0.08598941603410368
-60.32019918088392,-0.1396598167856623,-0.5985420349862909,0.40079851271250244,1.6779040295911614
-52.99482718077851,-0.08075421304478513
-46.871638806258375,0.038153504955425646
-51.6055211583095,-0.08140334581928585,0.39584038161638124,-0.08530617286858772
-57.19564501109865,-0.12251215058685974,0.263905988896207,0.20711054822666447,-0.23898231444532841,-0.7596140926361795
-53.67146300726578,-0.10997317267363815
-53.2453552486353,-0.09163703996844816
-54.30328632627144,-0.2868876687105341,-0.11319931210959669,1.195867132391856
-49.30913819105533,0.022776488389698618,-0.11313591954017259
-52.87528322967352,-0.04474376816838169,0.09335543145603514,-0.008635647305944613,-0.2268642390249097
-52.80778908554308,-0.07521471503548723
-56.18132753143558,-0.22112236287642145
-51.1548079424998,-0.1673504599228946,-0.2701930089356408,0.5994319009576894
-51.57925818031539,-0.053272131692378794
-53.55365404967346,-0.10491695523413194
-50.34673777342509,-0.03083019935548266
-54.015913127535676,-0.1247434340880777
-53.739577638713925,-0.11289431768619368
-53.11458084083172,-0.08596963783807665
-41.46621593675935,0.24006374218905868,0.6508065430982305,0.27810929655977756
-48.085227294284984,0.012659324197014182
-54.075745201367255,0.022181610073814695,0.01615822189910643,-0.36765396481328705
-53.238934814889795,-0.09135938436565347
-57.805046500236394,-0.5496211494371865,0.046193990251938676,1.7254553069868035
-56.38361506969282,-0.15376735938488267,-0.29787084416671555
-51.43343496356893,-0.05064307383291805
-53.55229559484431,-0.10485861212885739
-53.7307688997698,-0.11251660841770149
-53.093328161210145,-0.08212228006238365,-0.010820310301108256
-48.403179519490756,0.02001246368703033,-0.043701330805001125
-52.42700094928474,-0.06844790103442346
-53.43488352846308,-0.062383309425118515,-0.15257907303506904,0.08036043879543114,0.11856451965582095,-0.038024924421250966
-52.96442981332059,-0.07942582442876572
-60.08128289566731,-0.44448753406038183
-54.03802175354069,-0.12569210926437757
-47.63616488910392,-0.20922695150270634,0.23812252653690352,0.7995444311556316,-0.22222138958110285,0.08506432930605276,-1.6458907211433462
-56.205843318378406,0.029184596228967352,-0.15416763405478687,-0.38183131521633606
-50.48947285437886,-0.05194044934554912,-0.007853088766265767,0.332697445920621
-54.37982107727505,-0.14039532753280715
-36.6682453655597,-0.12664042193533537,-0.0048204206964977125,1.2655999980054642,-1.0329264127008524
-56.8414606536149,-0.2530600398029318
-52.9843527784389,-0.08029669555404084
-52.21504265869922,-0.06466914858004381
-50.69691967747789,-0.0372614709563662
-56.407818344079985,-0.231896621263275
-50.48972746863608,-0.033462170784511525
-51.93125440164936,-0.05959434100802409
-54.16226308984192,-0.13102749123191057
-54.137253750175674,-0.12995283259846216
-54.86965947243255,-0.21439842666500536,0.9719415653893966,0.39815723886682763
-56.67009084898609,-0.35267990065407495,0.2710298702944334,1.173590187074879
-51.238339076801154,-0.04711578758669272
-48.71147698083716,-3.749446332350359E-5
-49.564816891599925,-0.016277671478000452
-53.371493400267546,-0.09708159176223771
-53.200746282405746,-0.0897067109735053
-58.356704890995985,0.14248693546680208,0.05472477658322625,-1.1222818194747008,-0.5755806937971549,0.18951215212170502
-57.48743151809093,-0.038715233113212115,0.06077053658708512,-0.23896111679913284,-0.17843285772652565,-0.21455849704322816
-45.71838460476331,0.06357711214704742
-53.09839027364427,-0.1571667148458314,-0.4524784476535646,0.8674543513144066,0.5783462923011072,-0.6268313723452346
-52.92463089879496,-0.12085706356298168,0.006715232109453476,0.35998233168037275
-50.60901265658185,-0.09517056488389793,0.027526501773759232,0.8433105266395141
-50.61474921577922,0.24646573198654403,-0.2293941522310149,-1.4990525984938845,1.574365989366624
-53.78343265368333,-0.10921034316962913,0.3356894684238772,0.06428051335020854,-0.6811542398421427,-0.12899610085098823,0.41589823667582887
-51.782646029459364,-0.056929137598039206
-53.14993519837123,-0.08750442485837831
-53.17247138831545,-0.04060518776064877,-0.20814308508100438
-54.13588996112581,-0.12989424085588122
-53.29460056267457,-0.09376489061295773
-52.418303258595664,-0.2664535841875024,-0.12069994155968983,0.5067662401495889
-47.69573635776418,-0.10957351125061088,0.09474605849466655,1.2660479885194942
-53.449371317954274,-0.10043465749196406
-53.987435946877014,-0.12352174447494071
-53.39502779677168,-0.09809547106333086
-55.91151279977646,-0.2947318706402197,0.010309434418205199,0.9775263930660429
-53.32000941809905,-0.09486161452845557
-52.89312708044067,-0.08985115899037811,0.23579142253677848,0.37549990233953445
-56.08845144800019,-0.2167550687372424
-53.5875331274396,-0.10637166714531968
-39.93885007872267,0.1904505374567435,-0.009657809816447677
-49.60198558978844,-0.016976040178197323
-38.72072311996056,0.23084646788976892
-49.665539482117886,-0.018168547475976328
-54.0692801108718,-0.12703373779521565
-52.72544171485866,-0.0925528615112714,0.024466045584515386
-52.71642259222542,-0.035618457393967684,-0.15990053859103603
-49.90646551624074,0.09207817242571104,-0.23974093499629562,-0.17983167831466362
-53.162690659166344,0.3868770954119305,-0.7460775495414597,-1.3232093266060074,0.5461285801082694
-51.9248244440443,-0.07102029094769369,0.24487747976383817,0.006415762540528003,-0.4884000854305734,0.35270008871898895,0.18126979695097817
-55.748975429099865,-0.2010239893453987
-34.16157816143726,0.33263554681718194
-60.63415329031636,-0.2684761562578777,-1.633602455216051,0.25654835261028563,4.173992930107284,3.3913834537491336
-61.52547394014572,-0.30620078108867727,-0.8845639438193093,1.0482939478079634,1.8780082110225447,-0.4287134866681105
-55.63627380761509,-0.114276843567071,-0.2748531807771376
-55.97069047610984,0.012879838624976298,-0.6475231742955754,-0.151062501909976,0.7994539985685853,-0.3297211821205412
-53.741066626996485,-0.1452615016761335,0.08035341275684268,0.6526541768466357
-53.28833956640294,-0.09349452807435725
-51.28900630852463,-0.048032964074233256
-50.52683792071781,-0.015331958532216715,-0.05116675771858394
-53.79637964300297,-0.11532966115852872
-58.13128841513428,0.14276020115940743,-0.16011416090389413,-0.9226420443281445
-57.52585893653136,-0.28810738576511796
-50.59889727842769,-0.05985205680779966,0.13592490065952562
-47.66504815443683,0.021347206372105534
-53.451815210673274,-0.10053979335678676
-44.03889600121432,0.10261766761126856
-54.71718775630208,-0.15501975022704242
-52.80718166637232,-0.23837192924558942,-0.1107887803975722,1.2029797015079853
-49.47979938765097,-0.014677600486582516
-51.68947796535272,-0.055255318412700996
-50.640280020345266,-0.06010586508159895,0.13068995622937937
-50.29171698705696,-0.029815194722711366
-51.26473856422106,0.19750050447023315,-0.6045307084673073,-0.7703957239102404,0.6932532168687264,0.3543261420101039
-51.50274708501162,-0.06866362768747204,0.06787998665625802
-57.78295874745738,-0.10062064153887695,-1.2361784819373305,-0.04605747832892759,2.0586632836814758,0.1121398972854421
-50.85774404183634,-0.0976739456637969,-0.1900294541895754,0.5178194152668039
-53.89296212833997,-0.11947031913158276
-46.618972236790164,-0.24621781483836197,-0.44638794741669846,1.440908976620407
-53.07054842511242,-0.08405510659588311
-50.99414173755315,-0.042683696791987344
-51.055150434486734,0.054572445268010666,0.1833304323923009,-0.42022459565565007
-52.70922855128689,-0.07346572292739043
-53.80554493711573,-0.11572258864692345
-51.5203607225126,-0.09344952712511045,0.10790134334620638
-54.74745899251436,0.15531861994432855,-0.10207646408466212,-0.6585676397106014
-53.90737634774767,-0.12008834408853875
-51.859959582451054,-0.058316405758644704
-53.4848292149823,-0.10195958563313595
-53.06886034259002,-0.08398163899640149
-52.66109570775514,-0.16817450340883172,-0.16831062725662244,0.7069781571305519
-53.87248005822676,-0.11859217426375654
-55.93743691468386,-0.29283950932050185,0.08061438090236703,1.0604062988704368
-54.93484860879921,-0.1645417593746866
-51.07329284593888,-0.04412242259588963
-53.31638719564127,-0.09470531463829175
-57.52144543793048,-0.21132062772304955,-0.1319732259546853,0.6289255405795844,0.7111518747658551,-0.4190541484680138
-52.820274844914806,-0.0754361634987757
-50.18100622017055,-0.02776893594767455
-61.92836028289898,-0.15093955970469033,-0.03263723489234968,-0.7116498023460776,-0.07407180196407792,2.376607263696425,0.9591999778043768
-54.73014684507492,-0.15558454252257836
-47.67888518164984,-0.29852093830077575,-0.3254681184141543,2.239307918722324,0.0696197952705434,-1.6757713053385506
-52.66321874636537,-0.11595689143641093,0.016656269300615145,0.15091213680019944,-0.018345321277896662,0.0596232412031939
-45.00887373566943,0.07811430637045003,0.21107404393908152
-50.42947201140226,-0.032354082620510455
-49.97692119717698,-0.023982706495643998
-46.964835945333895,0.03615106538082764
-48.821393779624294,0.03649300595253928,-0.1874733304631348
-47.56737131674046,0.023879433424983373,0.006100238476006603
-56.60787990094296,-0.18263691512951322,-0.34605653853179785,0.9683603329251265,0.739229287433808
-47.33401002258488,-0.005135950116104099,0.863108836482577,0.0498344061739151,-3.476470173571798
-53.810202148900025,-0.11592224766627837
-56.26839482927864,-0.15705966762271667,-0.13756292718367816,1.0617682154519412,0.8272655966209791,-0.8649183638882955
-55.4140937850823,-0.1858274824897672
-52.24034501333823,-0.06512073108504768
-61.430432299224904,-0.057427527278136166,-0.08209681682884357,-0.03233960331590083,-0.4039005169144649,-0.861268420966294
-52.45506296926732,-0.06894749902642684
-45.568405063402956,0.06414583046381953,0.18903650912112185
-63.90052132424796,-0.1288444404926721,-0.0026284985471031197,-0.2558551946559203,-0.23634143345758446,-1.0880020426580814
-45.79883083909533,0.06176494223518378
-53.02400868642084,-0.08202765436059799
-51.504177284119955,-0.051919257422982035
-53.82083518338014,-0.11637809356416653
-53.21718169017287,-0.0904182347657988
-57.68395019168561,0.026964414974671974,0.18734928597709022,-0.4747600838424667,-0.5604241075737231
-46.219867777078335,0.062423698241310305,1.2892655186064905,0.14417558333898917,-0.8047408660475102
-54.906674196372705,0.4078529241399709,-0.6426442521442092,-1.7516969862105338
-59.169815941503714,0.08239609308890655,0.2075529315979281,-0.8863815923193507,-0.470981969929114
-55.80725357025634,-0.41391834680502587,-0.04398602463423172,1.545554084096749
-55.31841810519604,-0.10063592008090672,-0.2408093879259307
-53.97368013912051,-0.1229317041448402
-55.32850757962743,-0.18198929853985965
-47.05606985021137,-0.0726987622026297,-0.47080077365110395,1.015348015221353,0.26138887315549764
-44.187588236596184,0.12330960384279802,-0.22050552508614926
-54.56455526452778,-0.14838565341341284
-53.57475961172249,0.011611449158506315,-0.17618932604813226,-0.11907908955684016
-60.64754498940642,0.10539051378157155,-0.05990416783828155,-0.5487870351674972,-2.196445755588445,-1.3876976617094154
-51.09100731916418,-0.11128098096230439,-0.1601314186642039,0.7670513727906707
-54.56629740179625,-0.14846119748686565
-64.25282568797047,0.020387212839767133,-0.6189933502668481,-1.3060374770881769,2.784671495533135,1.4634157323659762
-55.27321151636076,-0.17951859473567094
-53.845705380901485,-0.11744429669774487
-53.167821359107336,-0.08828011408811459
-56.19150873148343,-0.22160286445377236
-53.8947154093928,-0.11954549134160813
-56.575497002842305,-0.1362192734139659,-0.203239766925013,0.49955964805287945,0.5391383404454859,0.02386067516979759
-54.24555989339962,-0.1346097398201982
-53.56386466598861,-0.10535544834349478
-57.07200987244308,-0.19442990159035303,0.2831101361202837,-0.12055437340860631,-0.39168080064737487
-48.96907052053045,-0.004983523431462994
-57.42577997946525,-0.24175017178142347,-0.5829498449356408,0.4791499234321582,1.0129922096427435
-53.944760826635715,-0.06325208297627628,-0.08512705772201838
-55.875879943907336,-0.2068636812346807
-57.88882857696022,-0.26995644089498017,-0.1924677191894551,1.0595940824902832,0.48415523795332005
-41.38357344719195,0.17629027042594433,-0.2285907828054696
-52.38877001575393,-0.06776701075016081
-56.57677028116839,-0.2400549319995831
-57.882895720436046,-0.49131519668260526,0.29399701806578293,1.1826724683673975,-0.025990191671617632
-56.73726449249,-0.1740853693513474,-0.2982233429841345
-54.08821102685195,-0.12784647951105305
-51.43224337038918,-0.011678284812166456,-0.17483888055343716
-53.34852068342699,-0.23412298053713634,-0.20113051180714875,0.36005767348241957
-56.44405975495581,-0.14686079126850043,-0.28023902564928804,0.5570094673777326,0.47970738712802524
-57.42560516789536,-0.34562103998747273,-1.1369283508255632,0.9881223781134751,1.580901846862121
-52.15990688047301,-0.16768040222930505,0.1710538426520093
-52.9222225167017,-0.0775779688297667
-58.41130510567165,-0.29143196337140553,-0.05760927131676099
-56.7317727978636,-0.09389854895166436,-1.6066362415408362,0.03926175020119538,2.512011360711417
-48.524905674283616,0.019696969381105794,-0.050401396763830666
-52.47271260228332,-0.06926164258517065
-49.22773309950716,-0.009911160537738828
-46.602374259460454,0.043982397391466935
-58.63053637117008,0.2504070428489361,-0.07761261576352169,-0.8961699394907261,0.9816437199335812,-1.9098707729417963
-52.95589936941832,-0.07905267896321215
-54.406756322860105,-0.09614973115578437,-0.05569285075328147
-52.19657976762834,-0.056742497405210125,0.6136385169052784,0.03977001176245873,-1.761467481909294,-0.08140269920279945,1.7005187818591998
-54.20741515409462,-0.13296869380304044
-51.101436798581844,-0.19192995601019025,0.7345857075825829,0.15421659223849166,-1.065586975979423,0.7030398776994427
-57.1712997619555,-0.2696799043921157
-57.56216063767294,-0.17528567314154964,0.2791274441323841,0.35702226855106606,-0.863565266894656,-0.38544317005189965
-53.45557567188394,-0.10070155824617807
-54.42434602268218,-0.14231772249207686
-49.72377078616956,0.02525996364875538,-0.4676267825372569,0.18909967073909495,0.5989586723482418
-50.75509093270164,-0.18604030848098158,-0.42271673811392096,0.5549075462755075,0.08700267362581093,0.1686824534361957
-50.6209045142729,-0.10739372363019892,-0.5042469388190862,0.4788238388822563,0.36598997978261294
-51.8394915126637,-0.05794928747294834
-54.20129841013631,-0.07721176561273502,-0.07129628387893927
-56.73738743497942,-0.40277460777102664,-0.031098829429431027,1.2872030823097682
-57.82361879875851,-0.30407619219951465
-54.087120486733724,-0.12779965578062852
-43.50839201262742,0.11534492625642565
-53.02725918266358,-0.2675807765332881,-0.268965124371208,0.84613209712915,0.13694002178250508
-52.016033980630425,-0.061112367709353785
-53.43621844421874,-0.09986873756742769
-44.25346386804666,0.09751493726226104
-54.3783770443611,-0.14033301384678049
-53.38652625724765,-0.09772928131662059
-55.76367576063183,-0.20169804981316128
-49.48886382406554,-0.014848375704868001
-53.58221509846443,-0.24255537201245098,0.49084891933876285,0.4758306522408905,-1.895365175457652,0.2029872876389428
-56.714609479324956,0.2952865183894597,0.1686254276081342,-1.728707251270916
-54.898569601274104,-0.16294912061589545
-49.0352468985242,-0.006247842999800579
-43.424918184610725,0.11735995110696892
-52.83124991006764,-0.07563079710342763
-56.00291139413113,-0.212757649361177
-49.52049553016796,-0.015443987210306008
-38.75116360181529,0.22947802878308965,-0.43467420110576566
-54.378360307734596,-0.14033229163087108
-54.20286505688282,-0.13277301141468617
-53.37830729102246,-0.15633353665687455,0.07868987563820998
-50.624796719506904,-0.03594083155294838
-49.57684166207442,-0.016503683764248572
-46.246568851766355,0.05178464832223434
-53.93792880131665,-0.12139842949747909
-44.564373383570846,-0.06505426564521105,0.8684240318201256,0.5964691304758933,-1.9048005430182247
-57.088500822728065,-0.33951851457582805,-0.059418431133328786,1.511029317691858,0.6413252726715755
-55.73799210147536,-0.20052076807398178
-52.463324291546826,-0.06909454880130397
-45.48975408152602,0.06875840334434549
-51.17411681632306,-0.04426585115045299,-0.10362646682564985,0.17633590798943105
-57.22817401628606,-0.12149327919576072,-0.006547616883148227,-0.2767431086529434
-54.08097631469964,-0.0536737255435665,-0.2874616741683789
-55.067127113181165,-0.09613091987439691,-0.30510208193238897,0.06832197267504642
-52.31841826539316,-0.06651327684265032
-53.17081949103679,-0.0884100880784062
-53.6721540096346,-0.11000281310617105
-51.761625520440624,-0.05655169163127459
-56.014823009626,-0.08543605236905788,-0.6162656846577301,-0.33669239556200026,1.3197760564681658
-52.92997744844642,-0.07791778620722188
-62.013427272363316,0.048826528166722144,-0.39111791388070405,-0.2760300980828407,1.655845884381903,-2.2734075162478216
-53.139622670114065,-0.10234051739187026,-0.3504720438766392,0.27096146353235157
-53.567408994840115,-0.36354524814200995,-0.2606994326163731,1.2155457584292388
-56.8689040822746,0.104952454354556,-0.4754153084187704,-0.48823298758619216,0.2676595894710092,-0.22309199852362072
-53.18296388796066,-0.08893642572028135
-52.76168272546314,-0.07439674516675261
-53.69212573568329,-0.11085943428259293
-53.53237276405279,-0.10400283707530797
-53.272087574224095,-0.09279250712649036
-50.248865392856786,-0.029023796323607264
-55.408643556141065,-0.18558254006912753
-56.89946410698318,-0.00847996928997101,-0.5088754235956321,0.18050462091934344,1.9393940348848477
-62.13559218555564,-0.03191894441429338,-0.17815615135476603,-0.8703638127929214,-0.6261862208571862
-53.994512610457896,-0.029552708832640037,-0.14936040252879643,-0.20805708203904777,0.3147932260929037
-53.28722904566674,-0.04756603355589835,-0.13632272350719168
-53.59182183200796,-0.1065557740677355
-50.99717826191952,-0.02176926938985852,-0.05603087361842875
-55.825118078008316,-0.30000104325468724,-0.27887961512754056,0.516430874639281,0.1487846120412399,-0.16326818834233192,-1.4436888372324121
-53.47527686785437,-0.10154886637407701
-54.861052501111175,-0.16130455397797666
-47.79086225669379,0.018730945488424577
-52.21166305602324,-0.06460882076837816
-50.17594977993373,-0.027675351606337203
-53.47414422889612,-0.1015001620809714
-52.60963106893374,-0.07169662115937782
-52.80223174152459,-0.07511614127819967
-47.67242418025733,0.021193467332782115
-52.62939093293827,-0.07204774670710679
-50.29025769918721,-0.02978825691808684
-54.28265278376972,-0.05888815149564322,-0.2481470734440027
-51.62432278652749,-0.056322108947875926,-0.038344155855668374,0.3097003523303487,0.08234377948999255
-50.811277909393084,-5.060543420190716E-4,-0.05832950852616731,-0.019803495037764657
-46.035175649116766,-0.11045623367684104,-0.5089490831091564,1.6576927645568935,-0.8934769835780916,-1.399026770663033,0.01586006232514492
-54.33727301241457,-0.13856011055378234
-54.28260057789123,0.06180102039614924,0.08869301268402285,-0.5629487528155693
-52.91892704736189,-0.07743352076371783
-54.73984428740439,-0.08361416094002076,-0.15874777092740833
-51.66616014459832,-0.054836037694630316
-48.55280036666005,0.0031515205829804327
-51.64392625333288,-0.05443610977816751
-49.96749678548875,-0.27189777421900496,1.4387451889087157,1.2516531452391244,-1.878632039637647
-54.031101668182046,-0.1253951500063488
-47.56613420399648,-0.14140145939385776,-0.42042593351860774,0.7975201246123194,0.036842674473830606
-52.33859197228751,-0.16382149825163594,-0.1821232053556814,0.7138063649499945
-50.6541175736836,-0.0364779629533131
-46.25524997398244,0.09759334738833536,-0.48882713306619235
-57.9264700518228,-0.14004847710119867,-0.5574823580464274,0.2100242133058981,1.1898894447019628
-47.179018248695485,0.06457359366790774,-0.1531241111040592
-53.58277954734654,-0.10616759307090631
-59.67153781664277,-0.47102060744231483,-0.20866809913077897,1.5138548626044153,0.6481004407187942
-51.2445294708985,-0.04722788914976221
-57.305705889951504,-0.4915472574959912,0.19549732725745267,1.5637346140741004,-0.04715611089342274
-50.82048272208631,-0.039519500571207664
-53.335676946278774,-0.04804722689565338,-0.14164772437041537
-53.14769380605012,-0.08740718381218857
-50.23928344473137,-0.13814502988360103,-0.5335721802516256,0.5867160081269258
-62.385049294071074,-0.03830946131475291,-0.8141722658880458,-0.8408900427863879,2.936921893412897
-52.27354709909073,-0.0657130946599771
-53.1360827788414,-0.10270001700830005,-0.1541238983947118,0.1915280901539493
-54.35815391309904,-0.05582742830627756,-0.17333059202019485,-0.08966298310784629,0.02850790895630269,0.3889729259053109,-0.5388433284515882
-54.70160967877151,-0.15434114744072436
-55.71727291807166,0.20992869891581928,-0.3154153986976303,-0.8730794109611896
-52.21692787998855,-0.09315115132967582,0.0024703444338156078,0.5077753348300063
-54.75847378399447,-0.08376338869707162,-0.5109139327668055,0.08603900251944396,0.9416207013243104,-0.4079238256428803
-52.750353434010776,-0.03566153721959181,-0.0960145427541967,0.004748192610356999
-58.40988948150994,0.11787699567358945,0.34646704156975994,-0.8099023648537524,-1.0122131203989124
-52.98333231078699,-0.035379775332317044,0.14576805594214687,-0.9777825695004039,-2.7356083041717674,1.4127867659042503
-50.43485817299789,-0.03245319306241639
-52.43835539715998,-0.06865006694213233
-46.294992980165034,0.050716065675716265
-54.85549727314996,-0.16106124500013402
-49.947652613496516,-0.023438159246794002
-53.28722397464161,-0.09344634950723632
-50.638949737795336,-0.03620014308693685
-57.05212656831032,-0.20381900414618798,-1.6447172439139832,1.3223565968994806,2.8816487190511126,0.32850689438686353
-50.808460858146276,-0.03930005563257784
-41.28994945133721,0.16938830089876541
-44.76009754048192,0.08558862705159209
-50.2638220511895,-0.029300110084792844
-53.79839426467554,-0.11541603085196118
-59.14205886459878,-0.2624899276893498,-9.94636643091143E-4,0.4440819601709214,1.2130685687478737
-53.949320314578465,-0.12188694525797089
-55.78697420177075,-0.2027676330616184
-46.50880857175477,0.07484943519134454,0.18521709385786678,-0.21028288187616706
-53.28110614249149,-0.09318211398888232
-47.335109083416256,0.07963410978611732,0.24697727617728948,-0.34301632708701957
-49.23103772498619,-0.00997387181737823
-52.91053894697991,-0.0770657362706912
-53.27710732606465,-0.09300937569804238
-52.10429728048277,-0.024504370188288487,-0.16259399147661552
-51.997564276067294,-0.04515043356777787,-0.03650136511862407
-51.49819402818585,-0.05073194573570978,-0.04200768848959521,0.1637624858801799,0.033123717811910536
-54.75892985373224,-0.1568398984583219
-51.918453896721324,-0.15200583809609672,0.15454132992231528,0.43165824152055554,-0.6728760786652861
-51.489139882910656,-0.12603039652491607,-1.8709738362536243,0.591517292010188,2.4066840013258015,-0.4392731629506249
-49.655292222379394,-0.01797640777762679
-55.660281819435234,-0.1969700017106749
-48.74048171186328,-5.964079534960393E-4
-51.58373708479417,-0.08523613655002231,0.10226319642615572,0.05355315289693796
-52.77687223096772,-0.144630511057401,0.1927856944284202,-0.7431307858415965,-0.9624970796761535,1.698364901861184,0.34412365094852876
-52.03286096197418,-0.12903820273070368,0.033126046781079915,0.8518526549596593
-49.2838252703723,-0.010974798125773871
-52.311018882137446,-0.06638135360063606
-43.7464947989932,-0.31990833739314356,-0.7807431319817294,1.2683635514601832
-53.476934321555724,-0.041948477679359,-0.30051214244761204
-53.75945801311324,-0.11374671894172628
-53.570539430674664,-0.07065312035035815,-0.04971153659622041
-55.90928074603879,0.12352586480097164,-0.663510463850606,-0.08021274569479853,1.9464369880525194,-1.9851422348149013
-53.241129934205674,-0.09145431994009874
-51.47785289982716,-0.17996607430279032,0.2591147307386759
-54.3709852455278,-0.1400140709221206
-52.49998310747125,-0.027767259949158775,-0.21986538844219855
-43.3746890626869,0.11857386950179563
-55.329914049513675,-0.1820522332042278
-55.71171150515592,-0.1993180590921843
-52.96756293075508,-0.07956283576259372
-53.61806206421727,-0.1076820322141504
-50.54898261620206,-0.055779147863790006,0.11436406666583088
-54.92538389870297,-0.16412603516421242
-54.8675619492713,-0.1615897228388401
-48.753682822449406,-0.013113796685916973,0.3035605654390928,0.02088094153895717,-1.388849009914721,0.4922852851966453
-56.01149452814811,-0.21315769698454948
-51.20178448407665,-0.05162017135997342,0.03238565540793831
-50.08796538393235,8.261571791817607E-4,-0.15870888783352544,0.07430185080172255
-52.928448505558954,-0.1177567700737566,0.049919599200472675
-53.69243977201541,-0.11087290291247728
-50.743015761041946,-0.03810450561739913
-51.65369520543499,-0.05461184356007939
-53.47709395942158,-0.10162700058198426
-55.59509311726829,-0.2344152818201438,0.32533202271542466,0.7019262780344576
-54.72830429522708,-0.09090275493550473,-0.11315764298798235
-56.39919861181896,0.026465175843469815,-0.8803536276223685,-1.0865788864948938,0.9574287090257445,0.7824144742464808,0.32476938027986085
-52.99933663612772,-0.08095111352493316
-54.00095949805832,-0.12410187963691197
-57.68397034797655,-0.2965281076681055
-54.34332433078591,-0.06756189633326604,-0.005843268485325778,-0.15329195363498127
-56.84619049759688,-0.2532950335581977
-53.30604001329326,-0.09425874678738447
-52.06772489286256,-0.09983585620678972,-0.10221329496606679,0.322637935791671,-0.06926753279622944
-45.5561333055122,0.06724940019862938
-53.50215708135351,-0.16262032427731105,-0.08549137388480472,0.7591673652095625
-49.24214872328878,0.0868474913813784,-0.6248577548900756,0.5206264968817543,1.370702570888758
-51.04100066138298,-0.13947344197501446,0.39766123495935013
-52.79990278869804,-0.07507482980810071
-53.51127225087257,-0.10309620279962904
-53.10325219131356,-0.17975299986366816,-0.16949183711530322,0.8303109967816211,0.3002872424656132,-0.7063298809154469
-49.630992324061594,-0.0175205661591383
-47.50267557108545,0.024742958215875743
-49.12272078815458,-0.007915199269639447
-51.34555035578808,-0.049055580862376005
-53.4982321117389,-0.10253575243698645
-55.22301122174083,-0.17728154254798806
-54.409122197215424,-0.07813513658396742,-0.10528920399828127
-53.931372751326386,-0.12111729162021528
-53.30772717137442,-0.09433157041260457
-49.55932104481583,-0.016174349382716793
-49.12608310617723,-0.007979202323603912
-51.72352468095907,-0.055867254288393564
-53.3514902216812,-0.09621939855576
-54.14896681525259,-0.1304560996300249
-49.06779013181089,-0.006868665371727187
-52.231777751860605,-0.06496784283425688
-52.230792750775,-0.12615251841171496,-0.5001763918871782,0.35298863953030046,-0.0455002712750775
-53.79800285632922,-0.16533257214457597,-0.045275224779144266,0.4392121906673091,-0.6359229452034547,-0.08851498240694405,0.3343133779160319
-52.02437561254303,-0.061261636463103064
-53.16815649456851,-0.08829464346192704
-51.05476738622342,-0.04378587591640773
-58.74957144211615,0.020577028238889905,0.14681777639785126,-0.6880499211278805,-0.1974237159037604,-0.31692569633768763,0.3490115904471276
-53.94762335500916,-0.12181417063072777
-42.5243222271776,-0.22930691058045766,-0.06009749454902669,1.1491793094710103,-1.131883026861982
-49.77538931341557,-0.020225007951846286
-50.93737955952912,-0.041650613824118186
-57.274418201457195,-0.2749767219316711
-45.954874326033455,0.05826624167664346
-54.44683146703447,-0.14328933277106498
-55.37065675211928,-0.18387733779353094
-53.161007548381434,-0.08798467173729438
-51.362490974056975,-0.03266742549236143,-0.27844953567997976,0.406377567824931,0.3244175152772989
-51.61893603705922,-0.053986441384109435
-50.538269299790365,0.062316459582683226,0.08359267721461239,-0.323948540316027
-52.968606893788,-0.3164543762435111,-0.11330432272874358,1.4723610728884244
-51.41716248091162,-0.050349312152246695
-53.72732379892535,-0.1291666318370127,0.05944902745216518,0.5109765830020936
-55.491296729502395,-0.18930496381734815
-51.92976120930891,-0.059567588939773305
-51.02386387098197,-0.10391903351240138,0.18614993661829804
-44.32554411460676,0.09580732020938684
-53.99960067093887,-0.12404358578769857
-35.8883141707493,-0.15687300660017095,0.4034978921639628,1.2468291099182993,-1.686676634315993
-54.0118929294233,-0.22349880415588153,-0.12194446001361099,0.7501796574860001
-56.52943561517729,0.3052718291121297,0.04020383939814404,-1.584584921371941
-53.34034761963042,-0.09573893719154104
-50.86081932469425,-0.04025541616192088
-48.77816261063651,-0.0013217428460040592
-46.070881347148934,0.055679336381485395
-43.96305829684501,0.10442784245337808
-56.37422241788099,-0.23028696162017304
-48.0661715330066,0.013050308912126482
-52.20901505826943,-0.06456155077627068
-45.805696110843975,0.06161055755074468
-50.60571952831954,-0.006100711260658233,-0.08421051470605051
-52.943183841818865,-0.07849616706779627
-47.44658793647983,0.025921056165030446
-53.948630610520006,-0.13842527728595985,0.8516152753032752,0.2462416828410751,0.39500389066411,-0.5733701379610602
-53.39520454822264,-0.09810308359984383
-53.04258662834507,0.05727597335208742,6.404036167962368E-4,-0.3520177205949669
-49.28870652434837,-0.01106727660454257
-52.140859600535954,-0.06334436083494387
-50.60479041321087,-0.07213923607797623,0.22646406431952015
-60.46797909982759,0.013457485610633785,0.1602526785070933,-0.08675909540189974,-0.7572277114128134,-1.028587907010958
-54.56556376207165,-0.1484293842916749
-48.952856208240554,0.0324568195522241,-0.16388199956904362
-51.66854430509428,-0.054878914343205326
-55.09831200949347,-0.01984930428837109,0.16119154976912287,-0.34710868638945863,-0.2004945025737277
-53.29170279268916,-0.16039513675619482,0.08911583727109143
-53.051507689514594,-0.08322611953050915
-54.59563445610755,-0.08495619904717862,0.27124293604546484,0.19155856338432187,-1.0519619341692974
-54.234547475387245,-0.24440510106899335,-0.31473876600761963,0.9553381744259151,0.24412338968275843
-51.65176249381316,-0.028259108645265374,-0.07959555960522902,0.0584895651765454
-53.1287644611441,-0.07238713941311054,-0.2672254451695918,-0.9355156921786545,0.048328534078090846,3.111597316636142
-53.64094021878708,-0.10866374044624277
-46.03237072721749,0.09286245922436417,-0.27238132993020125
-58.66722781882478,-0.35212545807072915
-52.50550394645176,-0.17711224849847199,-0.409792988026305,0.44099225261042
-47.88571752038371,-0.2048206131374996,-0.4581077022862539,1.0030627606342684
-52.800102574703175,-0.07507837369070769
-53.752638377177,-0.1557688742336567,-0.43821995128734476,0.7157705809880865,0.4501041771911943
-53.370005627983275,-0.09701747884748385
-48.92760739721883,-0.004190059280822847
-42.421590161749776,0.1417551247599091
-54.669300114227795,-0.1529348310407249
-55.631435529264444,-0.1956561859327261
-41.1027009546975,0.17394611714420222
-58.011783823000016,-0.16661691739642565,-0.17186268264735355,0.6428364176463591,0.6766600364847722
-52.81074990404666,-0.14804007094432692,-0.6306549754717928,0.3797810299581206,0.6666289930688779,0.0029957436007005678
-50.39475872183989,-0.06771656307732143,-0.20325789636006883,0.31703384797218104,-0.04094089425144937
-52.949961303933534,-0.07879283655358224
-49.612139744517165,-0.017166706329131337
-53.9339698114794,-0.1011261276949413,-0.11839278084142739,-0.019329534091676148,-0.21121933876426413,0.34941632913611953,0.05994061515389129
-57.03754570315285,-0.4153053712301239,0.0787545431646426,1.2795194171941904
-53.371062951144445,-0.09706304255043519
-50.983069514402786,-0.04248226749761726
-48.061843984204486,-0.22850355928408017,-0.031238649147187762,0.8877488895351084,-0.6077379817989413
-52.31150798753181,-0.09376131957842086,1.7257473337660443,-0.9988931321410762
-54.20660222504544,-0.13293373175488146
-59.10917931882819,0.20697414379246787,0.11851892591224347,-1.6469199047261334
-53.63824294976479,-0.108548010843113
-50.73380830905882,-0.03793617722239883
-51.427726375873306,-0.017036690981810536,-0.09809209964523327
-54.208205922712985,-0.13300270323051022
-54.35221746779689,-0.1574883725706583,0.12181772066241295,0.6093877123694045
-54.647468516818634,-0.0378974834289154,-0.4490120968774364,-0.07414674509285166,-0.03671038658196801
-52.19387225484337,-0.03140167092499379,-0.08927386521382119
-52.04187399274802,-0.0929353240777071,-0.4411901265651177,0.36255890012720116
-55.15906406766811,-0.1744398510680478
-56.14642444451762,-0.15266980501703836,-0.14247731761350546
-53.77799909065334,-0.11454164760716959
-54.84112108685208,-0.16043183574260078
-56.651879977005784,-0.24371683359862936
-50.77089867576721,-0.03861406275172363
-55.79215066204076,-0.0786937082748198,-0.43027305944870203,-0.024079549596153715
-54.535607379986295,-0.06807533918687862,-0.20206017652879604
-63.18182148517396,-0.301000208536436,-0.3677137439354406,-0.21442542923358632,1.3197515920400535,1.2983922664396896,0.0622751367997367
-55.71471764267572,-0.14704546890864628,-0.2588454918932199,0.06358213694920267
-53.75520186391322,-0.11356423509796741
-54.53331632760896,-0.1353084270714247,-0.15804973471045483,0.11433406917987171
-54.17945144101464,-0.13176630402565645
-49.86917153957999,0.01349008369649718,-0.13203734207160422
-48.86828258541607,-0.2002971946134821,-0.7585372409956931,0.7838082899177765
-53.00961719992733,-0.08139984629400908
-57.25568683900406,-0.274010843541442
-54.36941088504471,-0.13994614694587443
-49.405523237080054,-0.01327660640176026
-52.35228285326289,-0.06711690205451108
-49.48300581173938,-0.01473801484371376